Run	biospecimen_repository	DATASTORE filetype	body_site	Bytes	study_name	DATASTORE provider	analyte_type	Assay Type	SRA Study	BioProject	BioSample	LibraryLayout	LibrarySelection	Center Name	cumulative_tb	batch_id
SRR5912863	NCI_TARGET	fastq,run.zq,sra	Primary Blood Derived Cancer - Bone Marrow	8151768252	TARGET: Acute Lymphoblastic Leukemia (ALL) Expansion Phase 2	gs,ncbi,s3	RNA	RNA-Seq	SRP011999	PRJNA89529	SAMN07445040	PAIRED	cDNA	BCCAGSC	0.008151768252	1
SRR5912864	NCI_TARGET	fastq,run.zq,sra	Primary Blood Derived Cancer - Bone Marrow	7886499179	TARGET: Acute Lymphoblastic Leukemia (ALL) Expansion Phase 2	gs,ncbi,s3	RNA	RNA-Seq	SRP011999	PRJNA89529	SAMN07444958	PAIRED	cDNA	BCCAGSC	0.016038267431	1
SRR5912865	NCI_TARGET	fastq,run.zq,sra	Primary Blood Derived Cancer - Bone Marrow	6270949772	TARGET: Acute Lymphoblastic Leukemia (ALL) Expansion Phase 2	gs,ncbi,s3	RNA	RNA-Seq	SRP011999	PRJNA89529	SAMN07444940	PAIRED	cDNA	BCCAGSC	0.022309217203	1
SRR5912866	NCI_TARGET	fastq,run.zq,sra	Primary Blood Derived Cancer - Bone Marrow	11599432641	TARGET: Acute Lymphoblastic Leukemia (ALL) Expansion Phase 2	gs,ncbi,s3	RNA	RNA-Seq	SRP011999	PRJNA89529	SAMN07444851	PAIRED	cDNA	BCCAGSC	0.033908649844	1
SRR5912867	NCI_TARGET	fastq,run.zq,sra	Recurrent Blood Derived Cancer - Bone Marrow	8566096488	TARGET: Acute Lymphoblastic Leukemia (ALL) Expansion Phase 2	gs,ncbi,s3	RNA	RNA-Seq	SRP011999	PRJNA89529	SAMN07445005	PAIRED	cDNA	BCCAGSC	0.042474746332	1
SRR5912868	NCI_TARGET	fastq,run.zq,sra	Primary Blood Derived Cancer - Bone Marrow	7260988025	TARGET: Acute Lymphoblastic Leukemia (ALL) Expansion Phase 2	gs,ncbi,s3	RNA	RNA-Seq	SRP011999	PRJNA89529	SAMN07444850	PAIRED	cDNA	BCCAGSC	0.049735734357	1
SRR5912869	NCI_TARGET	fastq,run.zq,sra	Primary Blood Derived Cancer - Bone Marrow	6011906407	TARGET: Acute Lymphoblastic Leukemia (ALL) Expansion Phase 2	gs,ncbi,s3	RNA	RNA-Seq	SRP011999	PRJNA89529	SAMN07445076	PAIRED	cDNA	BCCAGSC	0.055747640764	1
SRR5912870	NCI_TARGET	fastq,run.zq,sra	Primary Blood Derived Cancer - Peripheral Blood	10300396163	TARGET: Acute Lymphoblastic Leukemia (ALL) Expansion Phase 2	gs,ncbi,s3	RNA	RNA-Seq	SRP011999	PRJNA89529	SAMN07445049	PAIRED	cDNA	BCCAGSC	0.066048036927	1
SRR5912871	NCI_TARGET	fastq,run.zq,sra	Recurrent Blood Derived Cancer - Bone Marrow	6812227915	TARGET: Acute Lymphoblastic Leukemia (ALL) Expansion Phase 2	gs,ncbi,s3	RNA	RNA-Seq	SRP011999	PRJNA89529	SAMN07444903	PAIRED	cDNA	BCCAGSC	0.072860264842	1
SRR5912872	NCI_TARGET	fastq,run.zq,sra	Primary Blood Derived Cancer - Peripheral Blood	8806674747	TARGET: Acute Lymphoblastic Leukemia (ALL) Expansion Phase 2	gs,ncbi,s3	RNA	RNA-Seq	SRP011999	PRJNA89529	SAMN07445083	PAIRED	cDNA	BCCAGSC	0.081666939589	1
SRR5912873	NCI_TARGET	fastq,run.zq,sra	Primary Blood Derived Cancer - Bone Marrow	10251662072	TARGET: Acute Lymphoblastic Leukemia (ALL) Expansion Phase 2	gs,ncbi,s3	RNA	RNA-Seq	SRP011999	PRJNA89529	SAMN07444830	PAIRED	cDNA	BCCAGSC	0.091918601661	1
SRR5912874	NCI_TARGET	fastq,run.zq,sra	Recurrent Blood Derived Cancer - Bone Marrow	6895148917	TARGET: Acute Lymphoblastic Leukemia (ALL) Expansion Phase 2	gs,ncbi,s3	RNA	RNA-Seq	SRP011999	PRJNA89529	SAMN07444910	PAIRED	cDNA	BCCAGSC	0.098813750578	1
SRR5912875	NCI_TARGET	fastq,run.zq,sra	Primary Blood Derived Cancer - Bone Marrow	6957104189	TARGET: Acute Lymphoblastic Leukemia (ALL) Expansion Phase 2	gs,ncbi,s3	RNA	RNA-Seq	SRP011999	PRJNA89529	SAMN07444923	PAIRED	cDNA	BCCAGSC	0.105770854767	1
SRR5912876	NCI_TARGET	fastq,run.zq,sra	Recurrent Blood Derived Cancer - Bone Marrow	7060179042	TARGET: Acute Lymphoblastic Leukemia (ALL) Expansion Phase 2	gs,ncbi,s3	RNA	RNA-Seq	SRP011999	PRJNA89529	SAMN07445015	PAIRED	cDNA	BCCAGSC	0.112831033809	1
SRR5115239	NCI_TARGET	fastq,run.zq,sra	Primary Blood Derived Cancer - Bone Marrow	7979059451	TARGET: Acute Lymphoblastic Leukemia (ALL) Expansion Phase 2	gs,ncbi,s3	RNA	RNA-Seq	SRP011999	PRJNA89529	SAMN05784924	PAIRED	cDNA	BCCAGSC	0.12081009326	1
SRR5115240	NCI_TARGET	fastq,run.zq,sra	Primary Blood Derived Cancer - Bone Marrow	9715863961	TARGET: Acute Lymphoblastic Leukemia (ALL) Expansion Phase 2	gs,ncbi,s3	RNA	RNA-Seq	SRP011999	PRJNA89529	SAMN05784870	PAIRED	cDNA	BCCAGSC	0.130525957221	1
SRR5115241	NCI_TARGET	fastq,run.zq,sra	Primary Blood Derived Cancer - Bone Marrow	8074528001	TARGET: Acute Lymphoblastic Leukemia (ALL) Expansion Phase 2	gs,ncbi,s3	RNA	RNA-Seq	SRP011999	PRJNA89529	SAMN05784792	PAIRED	cDNA	BCCAGSC	0.138600485222	1
SRR527438	NCI_TARGET	fastq,run.zq,sra	Primary Blood Derived Cancer - Bone Marrow	6559196307	TARGET: Acute Lymphoblastic Leukemia (ALL) Pilot Phase 1	gs,ncbi,s3	RNA	RNA-Seq	SRP011998	PRJNA89519	SAMN01093638	PAIRED	RANDOM PCR	STJUDE	0.145159681529	1
SRR527439	NCI_TARGET	fastq,run.zq,sra	Primary Blood Derived Cancer - Bone Marrow	6088462166	TARGET: Acute Lymphoblastic Leukemia (ALL) Pilot Phase 1	gs,ncbi,s3	RNA	RNA-Seq	SRP011998	PRJNA89519	SAMN01093636	PAIRED	RANDOM PCR	STJUDE	0.151248143695	1
SRR527440	NCI_TARGET	fastq,run.zq,sra	Primary Blood Derived Cancer - Bone Marrow	11314068467	TARGET: Acute Lymphoblastic Leukemia (ALL) Pilot Phase 1	gs,ncbi,s3	RNA	RNA-Seq	SRP011998	PRJNA89519	SAMN01093637	PAIRED	RANDOM PCR	STJUDE	0.162562212162	1
SRR2239653	NCI_TARGET	fastq,run.zq,sra	Primary Blood Derived Cancer - Bone Marrow	1711880035	TARGET: Acute Myeloid Leukemia (AML)	s3,ncbi,gs	RNA	RNA-Seq	SRP012000	PRJNA89525	SAMN01778271	PAIRED	cDNA	HAIB	0.164274092197	1
SRR2239672	NCI_TARGET	sra,run.zq,fastq	Primary Blood Derived Cancer - Bone Marrow	1709442416	TARGET: Acute Myeloid Leukemia (AML)	s3,gs,ncbi	RNA	RNA-Seq	SRP012000	PRJNA89525	SAMN01778263	PAIRED	cDNA	HAIB	0.165983534613	1
SRR2239674	NCI_TARGET	fastq,run.zq,sra	Primary Blood Derived Cancer - Bone Marrow	1779128423	TARGET: Acute Myeloid Leukemia (AML)	s3,ncbi,gs	RNA	RNA-Seq	SRP012000	PRJNA89525	SAMN01778048	PAIRED	cDNA	HAIB	0.167762663036	1
SRR2239675	NCI_TARGET	sra,fastq,run.zq	Primary Blood Derived Cancer - Bone Marrow	1326195081	TARGET: Acute Myeloid Leukemia (AML)	gs,ncbi,s3	RNA	RNA-Seq	SRP012000	PRJNA89525	SAMN01778068	PAIRED	cDNA	HAIB	0.169088858117	1
SRR2239676	NCI_TARGET	run.zq,sra,fastq	Primary Blood Derived Cancer - Bone Marrow	2297129509	TARGET: Acute Myeloid Leukemia (AML)	gs,ncbi,s3	RNA	RNA-Seq	SRP012000	PRJNA89525	SAMN01778042	PAIRED	cDNA	HAIB	0.171385987626	1
SRR2239677	NCI_TARGET	fastq,run.zq,sra	Primary Blood Derived Cancer - Bone Marrow	1528404220	TARGET: Acute Myeloid Leukemia (AML)	s3,ncbi,gs	RNA	RNA-Seq	SRP012000	PRJNA89525	SAMN01778066	PAIRED	cDNA	HAIB	0.172914391846	1
SRR2239678	NCI_TARGET	run.zq,sra,fastq	Primary Blood Derived Cancer - Bone Marrow	2285177449	TARGET: Acute Myeloid Leukemia (AML)	ncbi,s3,gs	RNA	RNA-Seq	SRP012000	PRJNA89525	SAMN01778028	PAIRED	cDNA	HAIB	0.175199569295	1
SRR2239684	NCI_TARGET	run.zq,sra,fastq	Primary Blood Derived Cancer - Bone Marrow	1880288938	TARGET: Acute Myeloid Leukemia (AML)	gs,ncbi,s3	RNA	RNA-Seq	SRP012000	PRJNA89525	SAMN01778093	PAIRED	cDNA	HAIB	0.177079858233	1
SRR2239688	NCI_TARGET	run.zq,sra,fastq	Primary Blood Derived Cancer - Bone Marrow	1191135297	TARGET: Acute Myeloid Leukemia (AML)	gs,s3,ncbi	RNA	RNA-Seq	SRP012000	PRJNA89525	SAMN01778168	PAIRED	cDNA	HAIB	0.17827099353	1
SRR2239692	NCI_TARGET	fastq,sra,run.zq	Primary Blood Derived Cancer - Peripheral Blood	1287141606	TARGET: Acute Myeloid Leukemia (AML)	ncbi,s3,gs	RNA	RNA-Seq	SRP012000	PRJNA89525	SAMN01778230	PAIRED	cDNA	HAIB	0.179558135136	1
SRR2239697	NCI_TARGET	sra,fastq,run.zq	Primary Blood Derived Cancer - Bone Marrow	1088263851	TARGET: Acute Myeloid Leukemia (AML)	ncbi,s3,gs	RNA	RNA-Seq	SRP012000	PRJNA89525	SAMN01778231	PAIRED	cDNA	HAIB	0.180646398987	1
SRR2239702	NCI_TARGET	sra,fastq,run.zq	Primary Blood Derived Cancer - Bone Marrow	1424275395	TARGET: Acute Myeloid Leukemia (AML)	gs,ncbi,s3	RNA	RNA-Seq	SRP012000	PRJNA89525	SAMN01778312	PAIRED	cDNA	HAIB	0.182070674382	1
SRR2239707	NCI_TARGET	sra,fastq,run.zq	Primary Blood Derived Cancer - Bone Marrow	1556064353	TARGET: Acute Myeloid Leukemia (AML)	ncbi,s3,gs	RNA	RNA-Seq	SRP012000	PRJNA89525	SAMN01778102	PAIRED	cDNA	HAIB	0.183626738735	1
SRR2239712	NCI_TARGET	sra,run.zq,fastq	Primary Blood Derived Cancer - Bone Marrow	1920335390	TARGET: Acute Myeloid Leukemia (AML)	ncbi,s3,gs	RNA	RNA-Seq	SRP012000	PRJNA89525	SAMN01778129	PAIRED	cDNA	HAIB	0.185547074125	1
SRR2239716	NCI_TARGET	run.zq,sra,fastq	Primary Blood Derived Cancer - Bone Marrow	1957138615	TARGET: Acute Myeloid Leukemia (AML)	gs,ncbi,s3	RNA	RNA-Seq	SRP012000	PRJNA89525	SAMN01778270	PAIRED	cDNA	HAIB	0.18750421274	1
SRR2083106	NCI_TARGET	sra,fastq,run.zq	Primary Blood Derived Cancer - Bone Marrow	9842678547	TARGET: Acute Myeloid Leukemia (AML)	ncbi,gs,s3	RNA	RNA-Seq	SRP012000	PRJNA89525	SAMN01778239	PAIRED	cDNA	BCCAGSC	0.197346891287	1
SRR2083107	NCI_TARGET	sra,run.zq,fastq	Primary Blood Derived Cancer - Peripheral Blood	12369392283	TARGET: Acute Myeloid Leukemia (AML)	gs,s3,ncbi	RNA	RNA-Seq	SRP012000	PRJNA89525	SAMN01778100	PAIRED	cDNA	BCCAGSC	0.20971628357	1
SRR2083108	NCI_TARGET	run.zq,sra,fastq	Primary Blood Derived Cancer - Bone Marrow	14692371639	TARGET: Acute Myeloid Leukemia (AML)	gs,ncbi,s3	RNA	RNA-Seq	SRP012000	PRJNA89525	SAMN01778313	PAIRED	cDNA	BCCAGSC	0.224408655209	1
SRR2083109	NCI_TARGET	fastq,sra,run.zq	Primary Blood Derived Cancer - Bone Marrow	13275262220	TARGET: Acute Myeloid Leukemia (AML)	s3,ncbi,gs	RNA	RNA-Seq	SRP012000	PRJNA89525	SAMN01778218	PAIRED	cDNA	BCCAGSC	0.237683917429	1
SRR2083110	NCI_TARGET	sra,run.zq,fastq	Primary Blood Derived Cancer - Bone Marrow	11332928216	TARGET: Acute Myeloid Leukemia (AML)	ncbi,gs,s3	RNA	RNA-Seq	SRP012000	PRJNA89525	SAMN01778292	PAIRED	cDNA	BCCAGSC	0.249016845645	1
SRR2083111	NCI_TARGET	sra,run.zq,fastq	Primary Blood Derived Cancer - Bone Marrow	9955546738	TARGET: Acute Myeloid Leukemia (AML)	gs,ncbi,s3	RNA	RNA-Seq	SRP012000	PRJNA89525	SAMN01778035	PAIRED	cDNA	BCCAGSC	0.258972392383	1
SRR2083112	NCI_TARGET	fastq,run.zq,sra	Primary Blood Derived Cancer - Bone Marrow	10643325462	TARGET: Acute Myeloid Leukemia (AML)	ncbi,s3,gs	RNA	RNA-Seq	SRP012000	PRJNA89525	SAMN01778095	PAIRED	cDNA	BCCAGSC	0.269615717845	1
SRR2083113	NCI_TARGET	fastq,run.zq,sra	Primary Blood Derived Cancer - Bone Marrow	9884035994	TARGET: Acute Myeloid Leukemia (AML)	gs,ncbi,s3	RNA	RNA-Seq	SRP012000	PRJNA89525	SAMN01778052	PAIRED	cDNA	BCCAGSC	0.279499753839	1
SRR2083114	NCI_TARGET	sra,run.zq,fastq	Primary Blood Derived Cancer - Bone Marrow	10966640270	TARGET: Acute Myeloid Leukemia (AML)	gs,ncbi,s3	RNA	RNA-Seq	SRP012000	PRJNA89525	SAMN01778089	PAIRED	cDNA	BCCAGSC	0.290466394109	1
SRR2083115	NCI_TARGET	fastq,run.zq,sra	Primary Blood Derived Cancer - Bone Marrow	12583454645	TARGET: Acute Myeloid Leukemia (AML)	s3,ncbi,gs	RNA	RNA-Seq	SRP012000	PRJNA89525	SAMN01778114	PAIRED	cDNA	BCCAGSC	0.303049848754	1
SRR2083116	NCI_TARGET	fastq,run.zq,sra	Primary Blood Derived Cancer - Bone Marrow	11468138392	TARGET: Acute Myeloid Leukemia (AML)	ncbi,gs,s3	RNA	RNA-Seq	SRP012000	PRJNA89525	SAMN01778063	PAIRED	cDNA	BCCAGSC	0.314517987146	1
SRR2083117	NCI_TARGET	sra,run.zq,fastq	Primary Blood Derived Cancer - Bone Marrow	11232224110	TARGET: Acute Myeloid Leukemia (AML)	s3,gs,ncbi	RNA	RNA-Seq	SRP012000	PRJNA89525	SAMN01778317	PAIRED	cDNA	BCCAGSC	0.325750211256	1
SRR2083118	NCI_TARGET	run.zq,sra,fastq	Primary Blood Derived Cancer - Peripheral Blood	14325616656	TARGET: Acute Myeloid Leukemia (AML)	ncbi,s3,gs	RNA	RNA-Seq	SRP012000	PRJNA89525	SAMN01778232	PAIRED	cDNA	BCCAGSC	0.340075827912	1
SRR2083119	NCI_TARGET	sra,run.zq,fastq	Primary Blood Derived Cancer - Bone Marrow	13852809210	TARGET: Acute Myeloid Leukemia (AML)	s3,gs,ncbi	RNA	RNA-Seq	SRP012000	PRJNA89525	SAMN01778268	PAIRED	cDNA	BCCAGSC	0.353928637122	1
SRR2083120	NCI_TARGET	run.zq,fastq,sra	Primary Blood Derived Cancer - Bone Marrow	10900509598	TARGET: Acute Myeloid Leukemia (AML)	gs,ncbi,s3	RNA	RNA-Seq	SRP012000	PRJNA89525	SAMN01778193	PAIRED	cDNA	BCCAGSC	0.36482914672	1
SRR2083121	NCI_TARGET	run.zq,fastq,sra	Primary Blood Derived Cancer - Bone Marrow	12216732920	TARGET: Acute Myeloid Leukemia (AML)	ncbi,s3,gs	RNA	RNA-Seq	SRP012000	PRJNA89525	SAMN01778054	PAIRED	cDNA	BCCAGSC	0.37704587964	1
SRR2083122	NCI_TARGET	sra,fastq,run.zq	Primary Blood Derived Cancer - Bone Marrow	5691602047	TARGET: Acute Myeloid Leukemia (AML)	ncbi,gs,s3	RNA	RNA-Seq	SRP012000	PRJNA89525	SAMN01778319	PAIRED	cDNA	BCCAGSC	0.382737481687	1
SRR2083123	NCI_TARGET	fastq,run.zq,sra	Primary Blood Derived Cancer - Bone Marrow	10980073868	TARGET: Acute Myeloid Leukemia (AML)	s3,ncbi,gs	RNA	RNA-Seq	SRP012000	PRJNA89525	SAMN01778178	PAIRED	cDNA	BCCAGSC	0.393717555555	1
SRR2083124	NCI_TARGET	run.zq,sra,fastq	Primary Blood Derived Cancer - Bone Marrow	12026240422	TARGET: Acute Myeloid Leukemia (AML)	gs,ncbi,s3	RNA	RNA-Seq	SRP012000	PRJNA89525	SAMN01778071	PAIRED	cDNA	BCCAGSC	0.405743795977	1
SRR2083125	NCI_TARGET	fastq,sra,run.zq	Primary Blood Derived Cancer - Bone Marrow	11366221128	TARGET: Acute Myeloid Leukemia (AML)	s3,gs,ncbi	RNA	RNA-Seq	SRP012000	PRJNA89525	SAMN01778288	PAIRED	cDNA	BCCAGSC	0.417110017105	1
SRR2083126	NCI_TARGET	fastq,run.zq,sra	Primary Blood Derived Cancer - Bone Marrow	15169787336	TARGET: Acute Myeloid Leukemia (AML)	gs,ncbi,s3	RNA	RNA-Seq	SRP012000	PRJNA89525	SAMN01778203	PAIRED	cDNA	BCCAGSC	0.432279804441	1
SRR2083127	NCI_TARGET	run.zq,sra,fastq	Primary Blood Derived Cancer - Bone Marrow	11580637311	TARGET: Acute Myeloid Leukemia (AML)	ncbi,gs,s3	RNA	RNA-Seq	SRP012000	PRJNA89525	SAMN01778291	PAIRED	cDNA	BCCAGSC	0.443860441752	1
SRR2083128	NCI_TARGET	fastq,run.zq,sra	Primary Blood Derived Cancer - Peripheral Blood	10238630042	TARGET: Acute Myeloid Leukemia (AML)	ncbi,gs,s3	RNA	RNA-Seq	SRP012000	PRJNA89525	SAMN01778011	PAIRED	cDNA	BCCAGSC	0.454099071794	1
SRR2083129	NCI_TARGET	sra,run.zq,fastq	Primary Blood Derived Cancer - Bone Marrow	8393302508	TARGET: Acute Myeloid Leukemia (AML)	gs,ncbi,s3	RNA	RNA-Seq	SRP012000	PRJNA89525	SAMN01778214	PAIRED	cDNA	BCCAGSC	0.462492374302	1
SRR2083130	NCI_TARGET	fastq,run.zq,sra	Primary Blood Derived Cancer - Bone Marrow	11083383574	TARGET: Acute Myeloid Leukemia (AML)	s3,gs,ncbi	RNA	RNA-Seq	SRP012000	PRJNA89525	SAMN01778219	PAIRED	cDNA	BCCAGSC	0.473575757876	1
SRR2083131	NCI_TARGET	run.zq,fastq,sra	Primary Blood Derived Cancer - Bone Marrow	10865597234	TARGET: Acute Myeloid Leukemia (AML)	gs,s3,ncbi	RNA	RNA-Seq	SRP012000	PRJNA89525	SAMN01778009	PAIRED	cDNA	BCCAGSC	0.48444135511	1
SRR2083132	NCI_TARGET	run.zq,fastq,sra	Primary Blood Derived Cancer - Bone Marrow	12055489765	TARGET: Acute Myeloid Leukemia (AML)	ncbi,gs,s3	RNA	RNA-Seq	SRP012000	PRJNA89525	SAMN01778246	PAIRED	cDNA	BCCAGSC	0.496496844875	1
SRR2083133	NCI_TARGET	sra,run.zq,fastq	Primary Blood Derived Cancer - Peripheral Blood	10719041707	TARGET: Acute Myeloid Leukemia (AML)	s3,ncbi,gs	RNA	RNA-Seq	SRP012000	PRJNA89525	SAMN01778318	PAIRED	cDNA	BCCAGSC	0.507215886582	1
SRR2083134	NCI_TARGET	run.zq,sra,fastq	Primary Blood Derived Cancer - Peripheral Blood	14696679080	TARGET: Acute Myeloid Leukemia (AML)	gs,s3,ncbi	RNA	RNA-Seq	SRP012000	PRJNA89525	SAMN01778053	PAIRED	cDNA	BCCAGSC	0.521912565662	1
SRR2083135	NCI_TARGET	run.zq,sra,fastq	Primary Blood Derived Cancer - Bone Marrow	10605888636	TARGET: Acute Myeloid Leukemia (AML)	ncbi,s3,gs	RNA	RNA-Seq	SRP012000	PRJNA89525	SAMN01778267	PAIRED	cDNA	BCCAGSC	0.532518454298	1
SRR2083136	NCI_TARGET	fastq,run.zq,sra	Primary Blood Derived Cancer - Peripheral Blood	10248606490	TARGET: Acute Myeloid Leukemia (AML)	ncbi,gs,s3	RNA	RNA-Seq	SRP012000	PRJNA89525	SAMN01778179	PAIRED	cDNA	BCCAGSC	0.542767060788	1
SRR2083137	NCI_TARGET	sra,run.zq,fastq	Primary Blood Derived Cancer - Bone Marrow	11784423639	TARGET: Acute Myeloid Leukemia (AML)	ncbi,gs,s3	RNA	RNA-Seq	SRP012000	PRJNA89525	SAMN01778140	PAIRED	cDNA	BCCAGSC	0.554551484427	1
SRR2083138	NCI_TARGET	sra,run.zq,fastq	Primary Blood Derived Cancer - Bone Marrow	12460130239	TARGET: Acute Myeloid Leukemia (AML)	gs,ncbi,s3	RNA	RNA-Seq	SRP012000	PRJNA89525	SAMN01778264	PAIRED	cDNA	BCCAGSC	0.567011614666	1
SRR2083139	NCI_TARGET	fastq,sra,run.zq	Primary Blood Derived Cancer - Bone Marrow	9201211556	TARGET: Acute Myeloid Leukemia (AML)	s3,ncbi,gs	RNA	RNA-Seq	SRP012000	PRJNA89525	SAMN01778022	PAIRED	cDNA	BCCAGSC	0.576212826222	1
SRR2083140	NCI_TARGET	run.zq,fastq,sra	Primary Blood Derived Cancer - Peripheral Blood	9416470527	TARGET: Acute Myeloid Leukemia (AML)	s3,ncbi,gs	RNA	RNA-Seq	SRP012000	PRJNA89525	SAMN01778004	PAIRED	cDNA	BCCAGSC	0.585629296749	1
SRR2083141	NCI_TARGET	fastq,run.zq,sra	Primary Blood Derived Cancer - Bone Marrow	11885700429	TARGET: Acute Myeloid Leukemia (AML)	s3,ncbi,gs	RNA	RNA-Seq	SRP012000	PRJNA89525	SAMN01778201	PAIRED	cDNA	BCCAGSC	0.597514997178	1
SRR2083142	NCI_TARGET	run.zq,fastq,sra	Primary Blood Derived Cancer - Bone Marrow	11548051969	TARGET: Acute Myeloid Leukemia (AML)	s3,ncbi,gs	RNA	RNA-Seq	SRP012000	PRJNA89525	SAMN01778289	PAIRED	cDNA	BCCAGSC	0.609063049147	1
SRR2083143	NCI_TARGET	fastq,run.zq,sra	Primary Blood Derived Cancer - Peripheral Blood	12341667372	TARGET: Acute Myeloid Leukemia (AML)	gs,ncbi,s3	RNA	RNA-Seq	SRP012000	PRJNA89525	SAMN01778033	PAIRED	cDNA	BCCAGSC	0.621404716519	1
SRR2083144	NCI_TARGET	run.zq,sra,fastq	Primary Blood Derived Cancer - Bone Marrow	13338147512	TARGET: Acute Myeloid Leukemia (AML)	ncbi,gs,s3	RNA	RNA-Seq	SRP012000	PRJNA89525	SAMN01778245	PAIRED	cDNA	BCCAGSC	0.634742864031	1
SRR2083145	NCI_TARGET	run.zq,fastq,sra	Primary Blood Derived Cancer - Bone Marrow	12975957487	TARGET: Acute Myeloid Leukemia (AML)	s3,ncbi,gs	RNA	RNA-Seq	SRP012000	PRJNA89525	SAMN01778210	PAIRED	cDNA	BCCAGSC	0.647718821518	1
SRR2083146	NCI_TARGET	fastq,sra,run.zq	Primary Blood Derived Cancer - Bone Marrow	9162682773	TARGET: Acute Myeloid Leukemia (AML)	gs,ncbi,s3	RNA	RNA-Seq	SRP012000	PRJNA89525	SAMN01778301	PAIRED	cDNA	BCCAGSC	0.656881504291	1
SRR2083147	NCI_TARGET	sra,fastq,run.zq	Primary Blood Derived Cancer - Bone Marrow	13235195286	TARGET: Acute Myeloid Leukemia (AML)	s3,ncbi,gs	RNA	RNA-Seq	SRP012000	PRJNA89525	SAMN01778073	PAIRED	cDNA	BCCAGSC	0.670116699577	1
SRR2083148	NCI_TARGET	fastq,run.zq,sra	Primary Blood Derived Cancer - Bone Marrow	12710259915	TARGET: Acute Myeloid Leukemia (AML)	gs,s3,ncbi	RNA	RNA-Seq	SRP012000	PRJNA89525	SAMN01778137	PAIRED	cDNA	BCCAGSC	0.682826959492	1
SRR2083149	NCI_TARGET	fastq,sra,run.zq	Primary Blood Derived Cancer - Bone Marrow	11740766510	TARGET: Acute Myeloid Leukemia (AML)	ncbi,s3,gs	RNA	RNA-Seq	SRP012000	PRJNA89525	SAMN01778017	PAIRED	cDNA	BCCAGSC	0.694567726002	1
SRR2083150	NCI_TARGET	fastq,run.zq,sra	Primary Blood Derived Cancer - Peripheral Blood	12407178569	TARGET: Acute Myeloid Leukemia (AML)	gs,ncbi,s3	RNA	RNA-Seq	SRP012000	PRJNA89525	SAMN01778257	PAIRED	cDNA	BCCAGSC	0.706974904571	1
SRR2083151	NCI_TARGET	run.zq,sra,fastq	Primary Blood Derived Cancer - Bone Marrow	12513561942	TARGET: Acute Myeloid Leukemia (AML)	gs,s3,ncbi	RNA	RNA-Seq	SRP012000	PRJNA89525	SAMN01778046	PAIRED	cDNA	BCCAGSC	0.719488466513	1
SRR2083152	NCI_TARGET	sra,run.zq,fastq	Primary Blood Derived Cancer - Bone Marrow	11540249075	TARGET: Acute Myeloid Leukemia (AML)	gs,s3,ncbi	RNA	RNA-Seq	SRP012000	PRJNA89525	SAMN01778119	PAIRED	cDNA	BCCAGSC	0.731028715588	1
SRR2083153	NCI_TARGET	fastq,run.zq,sra	Primary Blood Derived Cancer - Peripheral Blood	7244711912	TARGET: Acute Myeloid Leukemia (AML)	s3,gs,ncbi	RNA	RNA-Seq	SRP012000	PRJNA89525	SAMN01778160	PAIRED	cDNA	BCCAGSC	0.7382734275	1
SRR2083155	NCI_TARGET	fastq,run.zq,sra	Primary Blood Derived Cancer - Bone Marrow	14731998875	TARGET: Acute Myeloid Leukemia (AML)	ncbi,gs,s3	RNA	RNA-Seq	SRP012000	PRJNA89525	SAMN01778093	PAIRED	cDNA	BCCAGSC	0.753005426375	1
SRR2083156	NCI_TARGET	fastq,run.zq,sra	Primary Blood Derived Cancer - Bone Marrow	14352537435	TARGET: Acute Myeloid Leukemia (AML)	s3,gs,ncbi	RNA	RNA-Seq	SRP012000	PRJNA89525	SAMN01778188	PAIRED	cDNA	BCCAGSC	0.76735796381	1
SRR2083157	NCI_TARGET	run.zq,fastq,sra	Primary Blood Derived Cancer - Bone Marrow	11639130546	TARGET: Acute Myeloid Leukemia (AML)	s3,ncbi,gs	RNA	RNA-Seq	SRP012000	PRJNA89525	SAMN01778103	PAIRED	cDNA	BCCAGSC	0.778997094356	1
SRR2083158	NCI_TARGET	fastq,run.zq,sra	Primary Blood Derived Cancer - Bone Marrow	10039566052	TARGET: Acute Myeloid Leukemia (AML)	ncbi,s3,gs	RNA	RNA-Seq	SRP012000	PRJNA89525	SAMN01778172	PAIRED	cDNA	BCCAGSC	0.789036660408	1
SRR2083159	NCI_TARGET	sra,run.zq,fastq	Primary Blood Derived Cancer - Bone Marrow	12319048279	TARGET: Acute Myeloid Leukemia (AML)	gs,s3,ncbi	RNA	RNA-Seq	SRP012000	PRJNA89525	SAMN01778296	PAIRED	cDNA	BCCAGSC	0.801355708687	1
SRR2083160	NCI_TARGET	fastq,sra,run.zq	Primary Blood Derived Cancer - Bone Marrow	11288783956	TARGET: Acute Myeloid Leukemia (AML)	ncbi,gs,s3	RNA	RNA-Seq	SRP012000	PRJNA89525	SAMN01778295	PAIRED	cDNA	BCCAGSC	0.812644492643	1
SRR2083161	NCI_TARGET	fastq,sra,run.zq	Primary Blood Derived Cancer - Bone Marrow	13181003293	TARGET: Acute Myeloid Leukemia (AML)	gs,ncbi,s3	RNA	RNA-Seq	SRP012000	PRJNA89525	SAMN01778314	PAIRED	cDNA	BCCAGSC	0.825825495936	1
SRR2083163	NCI_TARGET	fastq,sra,run.zq	Primary Blood Derived Cancer - Bone Marrow	5982722875	TARGET: Acute Myeloid Leukemia (AML)	ncbi,s3,gs	RNA	RNA-Seq	SRP012000	PRJNA89525	SAMN01778099	PAIRED	cDNA	BCCAGSC	0.831808218811	1
SRR2083164	NCI_TARGET	fastq,run.zq,sra	Primary Blood Derived Cancer - Peripheral Blood	12104768844	TARGET: Acute Myeloid Leukemia (AML)	ncbi,s3,gs	RNA	RNA-Seq	SRP012000	PRJNA89525	SAMN01778147	PAIRED	cDNA	BCCAGSC	0.843912987655	1
SRR2083165	NCI_TARGET	run.zq,fastq,sra	Primary Blood Derived Cancer - Bone Marrow	10537598315	TARGET: Acute Myeloid Leukemia (AML)	ncbi,gs,s3	RNA	RNA-Seq	SRP012000	PRJNA89525	SAMN01778151	PAIRED	cDNA	BCCAGSC	0.85445058597	1
SRR2083166	NCI_TARGET	sra,fastq,run.zq	Primary Blood Derived Cancer - Bone Marrow	12370658281	TARGET: Acute Myeloid Leukemia (AML)	s3,gs,ncbi	RNA	RNA-Seq	SRP012000	PRJNA89525	SAMN01778165	PAIRED	cDNA	BCCAGSC	0.866821244251	1
SRR2083167	NCI_TARGET	sra,run.zq,fastq	Primary Blood Derived Cancer - Bone Marrow	12372025994	TARGET: Acute Myeloid Leukemia (AML)	ncbi,s3,gs	RNA	RNA-Seq	SRP012000	PRJNA89525	SAMN01778117	PAIRED	cDNA	BCCAGSC	0.879193270245	1
SRR2083168	NCI_TARGET	run.zq,sra,fastq	Primary Blood Derived Cancer - Bone Marrow	13118408194	TARGET: Acute Myeloid Leukemia (AML)	gs,s3,ncbi	RNA	RNA-Seq	SRP012000	PRJNA89525	SAMN01778020	PAIRED	cDNA	BCCAGSC	0.89231167843899994	1
SRR2083169	NCI_TARGET	fastq,sra,run.zq	Primary Blood Derived Cancer - Bone Marrow	10061452648	TARGET: Acute Myeloid Leukemia (AML)	gs,ncbi,s3	RNA	RNA-Seq	SRP012000	PRJNA89525	SAMN01778021	PAIRED	cDNA	BCCAGSC	0.902373131087	1
SRR2083170	NCI_TARGET	fastq,run.zq,sra	Primary Blood Derived Cancer - Bone Marrow	11770088527	TARGET: Acute Myeloid Leukemia (AML)	s3,ncbi,gs	RNA	RNA-Seq	SRP012000	PRJNA89525	SAMN01778154	PAIRED	cDNA	BCCAGSC	0.914143219614	1
SRR2083172	NCI_TARGET	sra,fastq,run.zq	Primary Blood Derived Cancer - Bone Marrow	10247610680	TARGET: Acute Myeloid Leukemia (AML)	ncbi,s3,gs	RNA	RNA-Seq	SRP012000	PRJNA89525	SAMN01778074	PAIRED	cDNA	BCCAGSC	0.924390830294	1
SRR2083173	NCI_TARGET	sra,fastq,run.zq	Primary Blood Derived Cancer - Bone Marrow	12826362175	TARGET: Acute Myeloid Leukemia (AML)	ncbi,s3,gs	RNA	RNA-Seq	SRP012000	PRJNA89525	SAMN01778305	PAIRED	cDNA	BCCAGSC	0.937217192469	1
SRR2083174	NCI_TARGET	fastq,run.zq,sra	Primary Blood Derived Cancer - Bone Marrow	10628351231	TARGET: Acute Myeloid Leukemia (AML)	s3,ncbi,gs	RNA	RNA-Seq	SRP012000	PRJNA89525	SAMN01778186	PAIRED	cDNA	BCCAGSC	0.9478455437	1
SRR2083175	NCI_TARGET	run.zq,fastq,sra	Primary Blood Derived Cancer - Bone Marrow	9846211919	TARGET: Acute Myeloid Leukemia (AML)	ncbi,s3,gs	RNA	RNA-Seq	SRP012000	PRJNA89525	SAMN01778307	PAIRED	cDNA	BCCAGSC	0.957691755619	1
SRR2083177	NCI_TARGET	fastq,run.zq,sra	Primary Blood Derived Cancer - Bone Marrow	9958228220	TARGET: Acute Myeloid Leukemia (AML)	ncbi,gs,s3	RNA	RNA-Seq	SRP012000	PRJNA89525	SAMN01778106	PAIRED	cDNA	BCCAGSC	0.967649983839	1
SRR2083178	NCI_TARGET	run.zq,fastq,sra	Primary Blood Derived Cancer - Bone Marrow	10659907799	TARGET: Acute Myeloid Leukemia (AML)	ncbi,s3,gs	RNA	RNA-Seq	SRP012000	PRJNA89525	SAMN01778198	PAIRED	cDNA	BCCAGSC	0.978309891638	1
SRR2083179	NCI_TARGET	fastq,sra,run.zq	Primary Blood Derived Cancer - Bone Marrow	11855294319	TARGET: Acute Myeloid Leukemia (AML)	gs,s3,ncbi	RNA	RNA-Seq	SRP012000	PRJNA89525	SAMN01778262	PAIRED	cDNA	BCCAGSC	0.990165185957	1
SRR2083180	NCI_TARGET	fastq,run.zq,sra	Primary Blood Derived Cancer - Bone Marrow	10101980114	TARGET: Acute Myeloid Leukemia (AML)	ncbi,gs,s3	RNA	RNA-Seq	SRP012000	PRJNA89525	SAMN01778135	PAIRED	cDNA	BCCAGSC	1.000267166071	1
SRR2083181	NCI_TARGET	fastq,run.zq,sra	Primary Blood Derived Cancer - Bone Marrow	12479926939	TARGET: Acute Myeloid Leukemia (AML)	ncbi,s3,gs	RNA	RNA-Seq	SRP012000	PRJNA89525	SAMN01778180	PAIRED	cDNA	BCCAGSC	1.01274709301	1
SRR2083182	NCI_TARGET	fastq,run.zq,sra	Primary Blood Derived Cancer - Peripheral Blood	11383312818	TARGET: Acute Myeloid Leukemia (AML)	ncbi,gs,s3	RNA	RNA-Seq	SRP012000	PRJNA89525	SAMN01778144	PAIRED	cDNA	BCCAGSC	1.024130405828	1
SRR2083183	NCI_TARGET	run.zq,sra,fastq	Primary Blood Derived Cancer - Bone Marrow	10449092972	TARGET: Acute Myeloid Leukemia (AML)	ncbi,gs,s3	RNA	RNA-Seq	SRP012000	PRJNA89525	SAMN01778025	PAIRED	cDNA	BCCAGSC	1.0345794988	1
SRR2083184	NCI_TARGET	run.zq,fastq,sra	Primary Blood Derived Cancer - Bone Marrow	10239858064	TARGET: Acute Myeloid Leukemia (AML)	gs,s3,ncbi	RNA	RNA-Seq	SRP012000	PRJNA89525	SAMN01778287	PAIRED	cDNA	BCCAGSC	1.044819356864	1
SRR2083185	NCI_TARGET	run.zq,fastq,sra	Primary Blood Derived Cancer - Peripheral Blood	11145779531	TARGET: Acute Myeloid Leukemia (AML)	s3,gs,ncbi	RNA	RNA-Seq	SRP012000	PRJNA89525	SAMN01778118	PAIRED	cDNA	BCCAGSC	1.055965136395	1
SRR2083186	NCI_TARGET	run.zq,sra,fastq	Primary Blood Derived Cancer - Bone Marrow	10074341980	TARGET: Acute Myeloid Leukemia (AML)	gs,s3,ncbi	RNA	RNA-Seq	SRP012000	PRJNA89525	SAMN01778018	PAIRED	cDNA	BCCAGSC	1.066039478375	1
SRR2083187	NCI_TARGET	sra,fastq,run.zq	Primary Blood Derived Cancer - Bone Marrow	13115039004	TARGET: Acute Myeloid Leukemia (AML)	ncbi,s3,gs	RNA	RNA-Seq	SRP012000	PRJNA89525	SAMN01778096	PAIRED	cDNA	BCCAGSC	1.079154517379	1
SRR2083189	NCI_TARGET	fastq,sra,run.zq	Primary Blood Derived Cancer - Bone Marrow	10670306269	TARGET: Acute Myeloid Leukemia (AML)	gs,s3,ncbi	RNA	RNA-Seq	SRP012000	PRJNA89525	SAMN01778015	PAIRED	cDNA	BCCAGSC	1.089824823648	1
SRR2083190	NCI_TARGET	fastq,sra,run.zq	Primary Blood Derived Cancer - Bone Marrow	13468004265	TARGET: Acute Myeloid Leukemia (AML)	ncbi,gs,s3	RNA	RNA-Seq	SRP012000	PRJNA89525	SAMN01778216	PAIRED	cDNA	BCCAGSC	1.103292827913	1
SRR2083191	NCI_TARGET	fastq,run.zq,sra	Primary Blood Derived Cancer - Bone Marrow	10629641929	TARGET: Acute Myeloid Leukemia (AML)	s3,ncbi,gs	RNA	RNA-Seq	SRP012000	PRJNA89525	SAMN01778265	PAIRED	cDNA	BCCAGSC	1.113922469842	1
SRR2083192	NCI_TARGET	run.zq,sra,fastq	Primary Blood Derived Cancer - Bone Marrow	11146369672	TARGET: Acute Myeloid Leukemia (AML)	gs,s3,ncbi	RNA	RNA-Seq	SRP012000	PRJNA89525	SAMN01778279	PAIRED	cDNA	BCCAGSC	1.125068839514	1
SRR2083193	NCI_TARGET	fastq,sra,run.zq	Primary Blood Derived Cancer - Bone Marrow	13492144103	TARGET: Acute Myeloid Leukemia (AML)	ncbi,gs,s3	RNA	RNA-Seq	SRP012000	PRJNA89525	SAMN01778055	PAIRED	cDNA	BCCAGSC	1.138560983617	1
SRR2083194	NCI_TARGET	run.zq,sra,fastq	Primary Blood Derived Cancer - Peripheral Blood	10689722791	TARGET: Acute Myeloid Leukemia (AML)	ncbi,gs,s3	RNA	RNA-Seq	SRP012000	PRJNA89525	SAMN01778088	PAIRED	cDNA	BCCAGSC	1.149250706408	1
SRR2083195	NCI_TARGET	fastq,sra,run.zq	Primary Blood Derived Cancer - Bone Marrow	10858241576	TARGET: Acute Myeloid Leukemia (AML)	ncbi,gs,s3	RNA	RNA-Seq	SRP012000	PRJNA89525	SAMN01778078	PAIRED	cDNA	BCCAGSC	1.160108947984	1
SRR2083196	NCI_TARGET	sra,run.zq,fastq	Primary Blood Derived Cancer - Bone Marrow	13800812704	TARGET: Acute Myeloid Leukemia (AML)	s3,gs,ncbi	RNA	RNA-Seq	SRP012000	PRJNA89525	SAMN01778007	PAIRED	cDNA	BCCAGSC	1.173909760688	1
SRR2083197	NCI_TARGET	fastq,sra,run.zq	Primary Blood Derived Cancer - Bone Marrow	12487614207	TARGET: Acute Myeloid Leukemia (AML)	gs,ncbi,s3	RNA	RNA-Seq	SRP012000	PRJNA89525	SAMN01778157	PAIRED	cDNA	BCCAGSC	1.186397374895	1
SRR2083198	NCI_TARGET	sra,fastq,run.zq	Primary Blood Derived Cancer - Bone Marrow	10977200639	TARGET: Acute Myeloid Leukemia (AML)	gs,s3,ncbi	RNA	RNA-Seq	SRP012000	PRJNA89525	SAMN01778208	PAIRED	cDNA	BCCAGSC	1.197374575534	1
SRR2083199	NCI_TARGET	run.zq,sra,fastq	Primary Blood Derived Cancer - Bone Marrow	10411539695	TARGET: Acute Myeloid Leukemia (AML)	s3,ncbi,gs	RNA	RNA-Seq	SRP012000	PRJNA89525	SAMN01778320	PAIRED	cDNA	BCCAGSC	1.207786115229	2
SRR2083200	NCI_TARGET	sra,fastq,run.zq	Primary Blood Derived Cancer - Bone Marrow	13299244305	TARGET: Acute Myeloid Leukemia (AML)	s3,ncbi,gs	RNA	RNA-Seq	SRP012000	PRJNA89525	SAMN01778105	PAIRED	cDNA	BCCAGSC	1.221085359534	2
SRR2083201	NCI_TARGET	sra,fastq,run.zq	Primary Blood Derived Cancer - Bone Marrow	12785021239	TARGET: Acute Myeloid Leukemia (AML)	s3,ncbi,gs	RNA	RNA-Seq	SRP012000	PRJNA89525	SAMN01778067	PAIRED	cDNA	BCCAGSC	1.233870380773	2
SRR2083202	NCI_TARGET	run.zq,fastq,sra	Primary Blood Derived Cancer - Bone Marrow	11869079634	TARGET: Acute Myeloid Leukemia (AML)	s3,gs,ncbi	RNA	RNA-Seq	SRP012000	PRJNA89525	SAMN01778116	PAIRED	cDNA	BCCAGSC	1.245739460407	2
SRR2083203	NCI_TARGET	fastq,sra,run.zq	Primary Blood Derived Cancer - Bone Marrow	10705726291	TARGET: Acute Myeloid Leukemia (AML)	ncbi,s3,gs	RNA	RNA-Seq	SRP012000	PRJNA89525	SAMN01778225	PAIRED	cDNA	BCCAGSC	1.256445186698	2
SRR1796857	NCI_TARGET	run.zq,sra,fastq	Recurrent Blood Derived Cancer - Bone Marrow	5915993812	TARGET: Acute Myeloid Leukemia (AML)	gs,s3,ncbi	RNA	RNA-Seq	SRP012000	PRJNA89525	SAMN02260507	PAIRED	cDNA	BCCAGSC	1.26236118051	2
SRR1796858	NCI_TARGET	run.zq,sra,fastq	Recurrent Blood Derived Cancer - Bone Marrow	8546660260	TARGET: Acute Myeloid Leukemia (AML)	gs,s3,ncbi	RNA	RNA-Seq	SRP012000	PRJNA89525	SAMN02260536	PAIRED	cDNA	BCCAGSC	1.27090784077	2
SRR1796859	NCI_TARGET	run.zq,sra,fastq	Primary Blood Derived Cancer - Peripheral Blood	7825487057	TARGET: Acute Myeloid Leukemia (AML)	ncbi,gs,s3	RNA	RNA-Seq	SRP012000	PRJNA89525	SAMN02443240	PAIRED	cDNA	BCCAGSC	1.278733327827	2
SRR1796860	NCI_TARGET	run.zq,sra,fastq	Primary Blood Derived Cancer - Peripheral Blood	12427970555	TARGET: Acute Myeloid Leukemia (AML)	ncbi,s3,gs	RNA	RNA-Seq	SRP012000	PRJNA89525	SAMN02260532	PAIRED	cDNA	BCCAGSC	1.291161298382	2
SRR1796861	NCI_TARGET	run.zq,sra,fastq	Primary Blood Derived Cancer - Bone Marrow	8583328108	TARGET: Acute Myeloid Leukemia (AML)	s3,gs,ncbi	RNA	RNA-Seq	SRP012000	PRJNA89525	SAMN02260581	PAIRED	cDNA	BCCAGSC	1.29974462649	2
SRR1796864	NCI_TARGET	fastq,sra,run.zq	Recurrent Blood Derived Cancer - Bone Marrow	2720508390	TARGET: Acute Myeloid Leukemia (AML)	gs,s3,ncbi	RNA	RNA-Seq	SRP012000	PRJNA89525	SAMN02260614	PAIRED	cDNA	BCCAGSC	1.30246513488	2
SRR1796865	NCI_TARGET	sra,fastq,run.zq	Primary Blood Derived Cancer - Bone Marrow	10237894119	TARGET: Acute Myeloid Leukemia (AML)	gs,s3,ncbi	RNA	RNA-Seq	SRP012000	PRJNA89525	SAMN02260627	PAIRED	cDNA	BCCAGSC	1.312703028999	2
SRR1796866	NCI_TARGET	run.zq,sra,fastq	Primary Blood Derived Cancer - Peripheral Blood	12372533505	TARGET: Acute Myeloid Leukemia (AML)	gs,s3,ncbi	RNA	RNA-Seq	SRP012000	PRJNA89525	SAMN02260482	PAIRED	cDNA	BCCAGSC	1.325075562504	2
SRR1796868	NCI_TARGET	fastq,run.zq,sra	Primary Blood Derived Cancer - Bone Marrow	9197780791	TARGET: Acute Myeloid Leukemia (AML)	ncbi,s3,gs	RNA	RNA-Seq	SRP012000	PRJNA89525	SAMN02260587	PAIRED	cDNA	BCCAGSC	1.334273343295	2
SRR1796869	NCI_TARGET	run.zq,sra,fastq	Primary Blood Derived Cancer - Bone Marrow	8119666917	TARGET: Acute Myeloid Leukemia (AML)	gs,s3,ncbi	RNA	RNA-Seq	SRP012000	PRJNA89525	SAMN01778032	PAIRED	cDNA	BCCAGSC	1.342393010212	2
SRR1796870	NCI_TARGET	run.zq,fastq,sra	Primary Blood Derived Cancer - Peripheral Blood	12433179169	TARGET: Acute Myeloid Leukemia (AML)	s3,gs,ncbi	RNA	RNA-Seq	SRP012000	PRJNA89525	SAMN02260574	PAIRED	cDNA	BCCAGSC	1.354826189381	2
SRR1796871	NCI_TARGET	fastq,sra,run.zq	Primary Blood Derived Cancer - Bone Marrow	12853181126	TARGET: Acute Myeloid Leukemia (AML)	ncbi,gs,s3	RNA	RNA-Seq	SRP012000	PRJNA89525	SAMN02443106	PAIRED	cDNA	BCCAGSC	1.367679370507	2
SRR1796873	NCI_TARGET	fastq,run.zq,sra	Primary Blood Derived Cancer - Bone Marrow	9236057399	TARGET: Acute Myeloid Leukemia (AML)	ncbi,gs,s3	RNA	RNA-Seq	SRP012000	PRJNA89525	SAMN02260508	PAIRED	cDNA	BCCAGSC	1.376915427906	2
SRR1796874	NCI_TARGET	fastq,run.zq,sra	Primary Blood Derived Cancer - Bone Marrow	9009515997	TARGET: Acute Myeloid Leukemia (AML)	s3,ncbi,gs	RNA	RNA-Seq	SRP012000	PRJNA89525	SAMN02260565	PAIRED	cDNA	BCCAGSC	1.385924943903	2
SRR1796875	NCI_TARGET	run.zq,sra,fastq	Primary Blood Derived Cancer - Bone Marrow	11483907939	TARGET: Acute Myeloid Leukemia (AML)	s3,gs,ncbi	RNA	RNA-Seq	SRP012000	PRJNA89525	SAMN02443124	PAIRED	cDNA	BCCAGSC	1.397408851842	2
SRR1796876	NCI_TARGET	run.zq,fastq,sra	Primary Blood Derived Cancer - Peripheral Blood	11268398027	TARGET: Acute Myeloid Leukemia (AML)	gs,s3,ncbi	RNA	RNA-Seq	SRP012000	PRJNA89525	SAMN02260601	PAIRED	cDNA	BCCAGSC	1.408677249869	2
SRR1796877	NCI_TARGET	run.zq,sra,fastq	Primary Blood Derived Cancer - Peripheral Blood	9134928707	TARGET: Acute Myeloid Leukemia (AML)	gs,ncbi,s3	RNA	RNA-Seq	SRP012000	PRJNA89525	SAMN02260456	PAIRED	cDNA	BCCAGSC	1.417812178576	2
SRR1796879	NCI_TARGET	run.zq,fastq,sra	Primary Blood Derived Cancer - Bone Marrow	9822872986	TARGET: Acute Myeloid Leukemia (AML)	s3,gs,ncbi	RNA	RNA-Seq	SRP012000	PRJNA89525	SAMN02047528	PAIRED	cDNA	BCCAGSC	1.427635051562	2
SRR1796880	NCI_TARGET	run.zq,fastq,sra	Primary Blood Derived Cancer - Bone Marrow	7617242787	TARGET: Acute Myeloid Leukemia (AML)	s3,ncbi,gs	RNA	RNA-Seq	SRP012000	PRJNA89525	SAMN02443197	PAIRED	cDNA	BCCAGSC	1.435252294349	2
SRR1796881	NCI_TARGET	run.zq,sra,fastq	Primary Blood Derived Cancer - Bone Marrow	10540643608	TARGET: Acute Myeloid Leukemia (AML)	gs,ncbi,s3	RNA	RNA-Seq	SRP012000	PRJNA89525	SAMN02260518	PAIRED	cDNA	BCCAGSC	1.445792937957	2
SRR1796882	NCI_TARGET	fastq,run.zq,sra	Recurrent Blood Derived Cancer - Bone Marrow	12942176905	TARGET: Acute Myeloid Leukemia (AML)	s3,gs,ncbi	RNA	RNA-Seq	SRP012000	PRJNA89525	SAMN02260506	PAIRED	cDNA	BCCAGSC	1.458735114862	2
SRR1796883	NCI_TARGET	run.zq,sra,fastq	Primary Blood Derived Cancer - Bone Marrow	11085542613	TARGET: Acute Myeloid Leukemia (AML)	ncbi,s3,gs	RNA	RNA-Seq	SRP012000	PRJNA89525	SAMN02260609	PAIRED	cDNA	BCCAGSC	1.469820657475	2
SRR1796890	NCI_TARGET	sra,run.zq,fastq	Recurrent Blood Derived Cancer - Bone Marrow	14602855472	TARGET: Acute Myeloid Leukemia (AML)	ncbi,gs,s3	RNA	RNA-Seq	SRP012000	PRJNA89525	SAMN02260454	PAIRED	cDNA	BCCAGSC	1.484423512947	2
SRR1796891	NCI_TARGET	run.zq,fastq,sra	Primary Blood Derived Cancer - Peripheral Blood	10967906404	TARGET: Acute Myeloid Leukemia (AML)	ncbi,s3,gs	RNA	RNA-Seq	SRP012000	PRJNA89525	SAMN02443093	PAIRED	cDNA	BCCAGSC	1.495391419351	2
SRR1796894	NCI_TARGET	run.zq,sra,fastq	Primary Blood Derived Cancer - Bone Marrow	15072387316	TARGET: Acute Myeloid Leukemia (AML)	s3,ncbi,gs	RNA	RNA-Seq	SRP012000	PRJNA89525	SAMN02443001	PAIRED	cDNA	BCCAGSC	1.510463806667	2
SRR1796895	NCI_TARGET	fastq,sra,run.zq	Primary Blood Derived Cancer - Bone Marrow	10103189226	TARGET: Acute Myeloid Leukemia (AML)	s3,gs,ncbi	RNA	RNA-Seq	SRP012000	PRJNA89525	SAMN02260599	PAIRED	cDNA	BCCAGSC	1.520566995893	2
SRR1796896	NCI_TARGET	sra,fastq,run.zq	Primary Blood Derived Cancer - Bone Marrow	14395695637	TARGET: Acute Myeloid Leukemia (AML)	s3,gs,ncbi	RNA	RNA-Seq	SRP012000	PRJNA89525	SAMN02260611	PAIRED	cDNA	BCCAGSC	1.53496269153	2
SRR1796897	NCI_TARGET	fastq,run.zq,sra	Primary Blood Derived Cancer - Peripheral Blood	11687569017	TARGET: Acute Myeloid Leukemia (AML)	s3,ncbi,gs	RNA	RNA-Seq	SRP012000	PRJNA89525	SAMN02260586	PAIRED	cDNA	BCCAGSC	1.546650260547	2
SRR1796898	NCI_TARGET	run.zq,sra,fastq	Primary Blood Derived Cancer - Bone Marrow	11100950415	TARGET: Acute Myeloid Leukemia (AML)	s3,ncbi,gs	RNA	RNA-Seq	SRP012000	PRJNA89525	SAMN02260463	PAIRED	cDNA	BCCAGSC	1.557751210962	2
SRR1796899	NCI_TARGET	sra,fastq,run.zq	Primary Blood Derived Cancer - Bone Marrow	14308393053	TARGET: Acute Myeloid Leukemia (AML)	s3,ncbi,gs	RNA	RNA-Seq	SRP012000	PRJNA89525	SAMN02260459	PAIRED	cDNA	BCCAGSC	1.572059604015	2
SRR1796900	NCI_TARGET	fastq,run.zq,sra	Primary Blood Derived Cancer - Bone Marrow	8827893002	TARGET: Acute Myeloid Leukemia (AML)	gs,s3,ncbi	RNA	RNA-Seq	SRP012000	PRJNA89525	SAMN02260647	PAIRED	cDNA	BCCAGSC	1.580887497017	2
SRR1796901	NCI_TARGET	sra,run.zq,fastq	Primary Blood Derived Cancer - Bone Marrow	14497960508	TARGET: Acute Myeloid Leukemia (AML)	ncbi,gs,s3	RNA	RNA-Seq	SRP012000	PRJNA89525	SAMN02443402	PAIRED	cDNA	BCCAGSC	1.595385457525	2
SRR1796902	NCI_TARGET	run.zq,fastq,sra	Primary Blood Derived Cancer - Bone Marrow	10390434627	TARGET: Acute Myeloid Leukemia (AML)	ncbi,s3,gs	RNA	RNA-Seq	SRP012000	PRJNA89525	SAMN02260636	PAIRED	cDNA	BCCAGSC	1.605775892152	2
SRR1796903	NCI_TARGET	fastq,sra,run.zq	Primary Blood Derived Cancer - Bone Marrow	13375497054	TARGET: Acute Myeloid Leukemia (AML)	s3,ncbi,gs	RNA	RNA-Seq	SRP012000	PRJNA89525	SAMN02260480	PAIRED	cDNA	BCCAGSC	1.619151389206	2
SRR1796904	NCI_TARGET	sra,fastq,run.zq	Recurrent Blood Derived Cancer - Bone Marrow	19293393510	TARGET: Acute Myeloid Leukemia (AML)	gs,s3,ncbi	RNA	RNA-Seq	SRP012000	PRJNA89525	SAMN02260585	PAIRED	cDNA	BCCAGSC	1.638444782716	2
SRR1796905	NCI_TARGET	fastq,sra,run.zq	Recurrent Blood Derived Cancer - Bone Marrow	11981653656	TARGET: Acute Myeloid Leukemia (AML)	ncbi,gs,s3	RNA	RNA-Seq	SRP012000	PRJNA89525	SAMN02260657	PAIRED	cDNA	BCCAGSC	1.650426436372	2
SRR1796907	NCI_TARGET	run.zq,sra,fastq	Primary Blood Derived Cancer - Bone Marrow	8440914647	TARGET: Acute Myeloid Leukemia (AML)	gs,s3,ncbi	RNA	RNA-Seq	SRP012000	PRJNA89525	SAMN02047530	PAIRED	cDNA	BCCAGSC	1.658867351019	2
SRR1796908	NCI_TARGET	run.zq,fastq,sra	Recurrent Blood Derived Cancer - Bone Marrow	8193714431	TARGET: Acute Myeloid Leukemia (AML)	s3,gs,ncbi	RNA	RNA-Seq	SRP012000	PRJNA89525	SAMN02260492	PAIRED	cDNA	BCCAGSC	1.66706106545	2
SRR1796909	NCI_TARGET	fastq,sra,run.zq	Primary Blood Derived Cancer - Peripheral Blood	11699586205	TARGET: Acute Myeloid Leukemia (AML)	ncbi,gs,s3	RNA	RNA-Seq	SRP012000	PRJNA89525	SAMN02260664	PAIRED	cDNA	BCCAGSC	1.678760651655	2
SRR1796911	NCI_TARGET	fastq,run.zq,sra	Primary Blood Derived Cancer - Peripheral Blood	13228515106	TARGET: Acute Myeloid Leukemia (AML)	s3,ncbi,gs	RNA	RNA-Seq	SRP012000	PRJNA89525	SAMN02260661	PAIRED	cDNA	BCCAGSC	1.691989166761	2
SRR1796913	NCI_TARGET	run.zq,fastq,sra	Recurrent Blood Derived Cancer - Bone Marrow	12247660316	TARGET: Acute Myeloid Leukemia (AML)	gs,s3,ncbi	RNA	RNA-Seq	SRP012000	PRJNA89525	SAMN02443233	PAIRED	cDNA	BCCAGSC	1.704236827077	2
SRR1796915	NCI_TARGET	sra,run.zq,fastq	Primary Blood Derived Cancer - Peripheral Blood	10543741091	TARGET: Acute Myeloid Leukemia (AML)	s3,ncbi,gs	RNA	RNA-Seq	SRP012000	PRJNA89525	SAMN02260654	PAIRED	cDNA	BCCAGSC	1.714780568168	2
SRR1796917	NCI_TARGET	run.zq,sra,fastq	Recurrent Blood Derived Cancer - Bone Marrow	11748363994	TARGET: Acute Myeloid Leukemia (AML)	gs,ncbi,s3	RNA	RNA-Seq	SRP012000	PRJNA89525	SAMN02260503	PAIRED	cDNA	BCCAGSC	1.726528932162	2
SRR1796918	NCI_TARGET	fastq,sra,run.zq	Recurrent Blood Derived Cancer - Bone Marrow	21679267069	TARGET: Acute Myeloid Leukemia (AML)	gs,s3,ncbi	RNA	RNA-Seq	SRP012000	PRJNA89525	SAMN02260639	PAIRED	cDNA	BCCAGSC	1.748208199231	2
SRR1796919	NCI_TARGET	run.zq,sra,fastq	Primary Blood Derived Cancer - Peripheral Blood	14814868745	TARGET: Acute Myeloid Leukemia (AML)	ncbi,gs,s3	RNA	RNA-Seq	SRP012000	PRJNA89525	SAMN02260570	PAIRED	cDNA	BCCAGSC	1.763023067976	2
SRR1796920	NCI_TARGET	run.zq,fastq,sra	Primary Blood Derived Cancer - Bone Marrow	12109847911	TARGET: Acute Myeloid Leukemia (AML)	s3,ncbi,gs	RNA	RNA-Seq	SRP012000	PRJNA89525	SAMN02260469	PAIRED	cDNA	BCCAGSC	1.775132915887	2
SRR1796921	NCI_TARGET	fastq,sra,run.zq	Primary Blood Derived Cancer - Bone Marrow	13916197890	TARGET: Acute Myeloid Leukemia (AML)	ncbi,s3,gs	RNA	RNA-Seq	SRP012000	PRJNA89525	SAMN02260579	PAIRED	cDNA	BCCAGSC	1.789049113777	2
SRR1796922	NCI_TARGET	sra,run.zq,fastq	Primary Blood Derived Cancer - Peripheral Blood	7654380399	TARGET: Acute Myeloid Leukemia (AML)	gs,s3,ncbi	RNA	RNA-Seq	SRP012000	PRJNA89525	SAMN02260663	PAIRED	cDNA	BCCAGSC	1.796703494176	2
SRR1796923	NCI_TARGET	fastq,sra,run.zq	Recurrent Blood Derived Cancer - Bone Marrow	11293700051	TARGET: Acute Myeloid Leukemia (AML)	ncbi,gs,s3	RNA	RNA-Seq	SRP012000	PRJNA89525	SAMN02260520	PAIRED	cDNA	BCCAGSC	1.807997194227	2
SRR1796924	NCI_TARGET	run.zq,fastq,sra	Primary Blood Derived Cancer - Bone Marrow	10576474203	TARGET: Acute Myeloid Leukemia (AML)	ncbi,gs,s3	RNA	RNA-Seq	SRP012000	PRJNA89525	SAMN02260634	PAIRED	cDNA	BCCAGSC	1.81857366843	2
SRR1796925	NCI_TARGET	run.zq,sra,fastq	Primary Blood Derived Cancer - Bone Marrow	13557091040	TARGET: Acute Myeloid Leukemia (AML)	s3,ncbi,gs	RNA	RNA-Seq	SRP012000	PRJNA89525	SAMN02260590	PAIRED	cDNA	BCCAGSC	1.83213075947	2
SRR1796926	NCI_TARGET	sra,fastq,run.zq	Primary Blood Derived Cancer - Bone Marrow	11139260580	TARGET: Acute Myeloid Leukemia (AML)	ncbi,s3,gs	RNA	RNA-Seq	SRP012000	PRJNA89525	SAMN02260512	PAIRED	cDNA	BCCAGSC	1.84327002005	2
SRR1796927	NCI_TARGET	fastq,run.zq,sra	Primary Blood Derived Cancer - Bone Marrow	11824276384	TARGET: Acute Myeloid Leukemia (AML)	gs,s3,ncbi	RNA	RNA-Seq	SRP012000	PRJNA89525	SAMN02260624	PAIRED	cDNA	BCCAGSC	1.855094296434	2
SRR1796928	NCI_TARGET	run.zq,sra,fastq	Primary Blood Derived Cancer - Bone Marrow	13580198050	TARGET: Acute Myeloid Leukemia (AML)	s3,ncbi,gs	RNA	RNA-Seq	SRP012000	PRJNA89525	SAMN02260481	PAIRED	cDNA	BCCAGSC	1.868674494484	2
SRR1796929	NCI_TARGET	sra,run.zq,fastq	Recurrent Blood Derived Cancer - Bone Marrow	9260363055	TARGET: Acute Myeloid Leukemia (AML)	gs,ncbi,s3	RNA	RNA-Seq	SRP012000	PRJNA89525	SAMN02260640	PAIRED	cDNA	BCCAGSC	1.877934857539	2
SRR1796930	NCI_TARGET	sra,run.zq,fastq	Primary Blood Derived Cancer - Bone Marrow	11730079156	TARGET: Acute Myeloid Leukemia (AML)	s3,ncbi,gs	RNA	RNA-Seq	SRP012000	PRJNA89525	SAMN02260504	PAIRED	cDNA	BCCAGSC	1.889664936695	2
SRR1796931	NCI_TARGET	run.zq,fastq,sra	Primary Blood Derived Cancer - Bone Marrow	14810800254	TARGET: Acute Myeloid Leukemia (AML)	s3,ncbi,gs	RNA	RNA-Seq	SRP012000	PRJNA89525	SAMN02260490	PAIRED	cDNA	BCCAGSC	1.904475736949	2
SRR1796932	NCI_TARGET	run.zq,sra,fastq	Primary Blood Derived Cancer - Peripheral Blood	14556245366	TARGET: Acute Myeloid Leukemia (AML)	ncbi,s3,gs	RNA	RNA-Seq	SRP012000	PRJNA89525	SAMN02260484	PAIRED	cDNA	BCCAGSC	1.919031982315	2
SRR1796933	NCI_TARGET	fastq,run.zq,sra	Recurrent Blood Derived Cancer  - Peripheral Blood	7905077741	TARGET: Acute Myeloid Leukemia (AML)	gs,s3,ncbi	RNA	RNA-Seq	SRP012000	PRJNA89525	SAMN02260660	PAIRED	cDNA	BCCAGSC	1.926937060056	2
SRR1796937	NCI_TARGET	fastq,run.zq,sra	Primary Solid Tumor	11781926309	TARGET: Kidney\, Wilms Tumor (WT)	ncbi,s3,gs	RNA	RNA-Seq	SRP012006	PRJNA89521	SAMN02724497	PAIRED	cDNA	BCCAGSC	1.938718986365	2
SRR1796938	NCI_TARGET	run.zq,fastq,sra	Primary Solid Tumor	12896973232	TARGET: Kidney\, Wilms Tumor (WT)	s3,ncbi,gs	RNA	RNA-Seq	SRP012006	PRJNA89521	SAMN02724713	PAIRED	cDNA	BCCAGSC	1.951615959597	2
SRR1796940	NCI_TARGET	run.zq,fastq,sra	Primary Solid Tumor	9268111943	TARGET: Kidney\, Wilms Tumor (WT)	gs,ncbi,s3	RNA	RNA-Seq	SRP012006	PRJNA89521	SAMN02724637	PAIRED	cDNA	BCCAGSC	1.96088407154	2
SRR1796941	NCI_TARGET	sra,fastq,run.zq	Recurrent Solid Tumor	9661779496	TARGET: Kidney\, Wilms Tumor (WT)	gs,ncbi,s3	RNA	RNA-Seq	SRP012006	PRJNA89521	SAMN02724683	PAIRED	cDNA	BCCAGSC	1.970545851036	2
SRR1796942	NCI_TARGET	fastq,run.zq,sra	Primary Solid Tumor	11734079805	TARGET: Kidney\, Wilms Tumor (WT)	ncbi,s3,gs	RNA	RNA-Seq	SRP012006	PRJNA89521	SAMN02724550	PAIRED	cDNA	BCCAGSC	1.982279930841	2
SRR1796943	NCI_TARGET	fastq,sra,run.zq	Primary Solid Tumor	12870758228	TARGET: Kidney\, Wilms Tumor (WT)	gs,ncbi,s3	RNA	RNA-Seq	SRP012006	PRJNA89521	SAMN02724508	PAIRED	cDNA	BCCAGSC	1.995150689069	2
SRR1796945	NCI_TARGET	run.zq,sra,fastq	Blood Derived Normal	10587385233	TARGET: Kidney\, Wilms Tumor (WT)	ncbi,s3,gs	RNA	RNA-Seq	SRP012006	PRJNA89521	SAMN02443669	PAIRED	cDNA	BCCAGSC	2.005738074302	2
SRR1796946	NCI_TARGET	sra,run.zq,fastq	Primary Solid Tumor	7966796787	TARGET: Kidney\, Wilms Tumor (WT)	ncbi,s3,gs	RNA	RNA-Seq	SRP012006	PRJNA89521	SAMN02724457	PAIRED	cDNA	BCCAGSC	2.013704871089	2
SRR1796947	NCI_TARGET	sra,fastq,run.zq	Blood Derived Normal	7389186944	TARGET: Kidney\, Wilms Tumor (WT)	ncbi,gs,s3	RNA	RNA-Seq	SRP012006	PRJNA89521	SAMN02443670	PAIRED	cDNA	BCCAGSC	2.021094058033	2
SRR1796948	NCI_TARGET	sra,fastq,run.zq	Primary Solid Tumor	6238967675	TARGET: Kidney\, Wilms Tumor (WT)	ncbi,s3,gs	RNA	RNA-Seq	SRP012006	PRJNA89521	SAMN02724623	PAIRED	cDNA	BCCAGSC	2.027333025708	2
SRR1796949	NCI_TARGET	sra,fastq,run.zq	Primary Solid Tumor	10343881723	TARGET: Kidney\, Wilms Tumor (WT)	ncbi,gs,s3	RNA	RNA-Seq	SRP012006	PRJNA89521	SAMN02724503	PAIRED	cDNA	BCCAGSC	2.037676907431	2
SRR1796950	NCI_TARGET	fastq,run.zq,sra	Primary Solid Tumor	10967578298	TARGET: Kidney\, Wilms Tumor (WT)	ncbi,gs,s3	RNA	RNA-Seq	SRP012006	PRJNA89521	SAMN02724540	PAIRED	cDNA	BCCAGSC	2.048644485729	2
SRR1796951	NCI_TARGET	sra,fastq,run.zq	Primary Solid Tumor	13109107296	TARGET: Kidney\, Wilms Tumor (WT)	ncbi,gs,s3	RNA	RNA-Seq	SRP012006	PRJNA89521	SAMN02724724	PAIRED	cDNA	BCCAGSC	2.061753593025	2
SRR1796952	NCI_TARGET	sra,run.zq,fastq	Primary Solid Tumor	10376447422	TARGET: Kidney\, Wilms Tumor (WT)	gs,s3,ncbi	RNA	RNA-Seq	SRP012006	PRJNA89521	SAMN02724576	PAIRED	cDNA	BCCAGSC	2.072130040447	2
SRR1796953	NCI_TARGET	run.zq,sra,fastq	Primary Solid Tumor	7484903203	TARGET: Kidney\, Wilms Tumor (WT)	ncbi,s3,gs	RNA	RNA-Seq	SRP012006	PRJNA89521	SAMN02724655	PAIRED	cDNA	BCCAGSC	2.07961494365	2
SRR1796954	NCI_TARGET	run.zq,fastq,sra	Primary Solid Tumor	10515725819	TARGET: Kidney\, Wilms Tumor (WT)	s3,gs,ncbi	RNA	RNA-Seq	SRP012006	PRJNA89521	SAMN02724488	PAIRED	cDNA	BCCAGSC	2.090130669469	2
SRR1796955	NCI_TARGET	run.zq,sra,fastq	Primary Solid Tumor	11204100241	TARGET: Kidney\, Wilms Tumor (WT)	s3,gs,ncbi	RNA	RNA-Seq	SRP012006	PRJNA89521	SAMN02724688	PAIRED	cDNA	BCCAGSC	2.10133476971	2
SRR1796956	NCI_TARGET	fastq,sra,run.zq	Primary Solid Tumor	13219990769	TARGET: Kidney\, Wilms Tumor (WT)	ncbi,gs,s3	RNA	RNA-Seq	SRP012006	PRJNA89521	SAMN02724445	PAIRED	cDNA	BCCAGSC	2.114554760479	2
SRR1796957	NCI_TARGET	fastq,sra,run.zq	Primary Solid Tumor	9433115185	TARGET: Kidney\, Wilms Tumor (WT)	ncbi,gs,s3	RNA	RNA-Seq	SRP012006	PRJNA89521	SAMN02724446	PAIRED	cDNA	BCCAGSC	2.123987875664	2
SRR1796961	NCI_TARGET	fastq,run.zq,sra	Primary Solid Tumor	11716931031	TARGET: Kidney\, Wilms Tumor (WT)	s3,gs,ncbi	RNA	RNA-Seq	SRP012006	PRJNA89521	SAMN02724545	PAIRED	cDNA	BCCAGSC	2.135704806695	2
SRR1796962	NCI_TARGET	sra,fastq,run.zq	Primary Solid Tumor	11075380263	TARGET: Kidney\, Wilms Tumor (WT)	s3,gs,ncbi	RNA	RNA-Seq	SRP012006	PRJNA89521	SAMN02724465	PAIRED	cDNA	BCCAGSC	2.146780186958	2
SRR1796963	NCI_TARGET	sra,run.zq,fastq	Primary Solid Tumor	8481693174	TARGET: Kidney\, Wilms Tumor (WT)	ncbi,gs,s3	RNA	RNA-Seq	SRP012006	PRJNA89521	SAMN02724604	PAIRED	cDNA	BCCAGSC	2.155261880132	2
SRR1796964	NCI_TARGET	run.zq,fastq,sra	Blood Derived Normal	12915038114	TARGET: Kidney\, Wilms Tumor (WT)	gs,s3,ncbi	RNA	RNA-Seq	SRP012006	PRJNA89521	SAMN02443673	PAIRED	cDNA	BCCAGSC	2.168176918246	2
SRR1796965	NCI_TARGET	run.zq,sra,fastq	Primary Solid Tumor	12371371622	TARGET: Kidney\, Wilms Tumor (WT)	gs,s3,ncbi	RNA	RNA-Seq	SRP012006	PRJNA89521	SAMN02724520	PAIRED	cDNA	BCCAGSC	2.180548289868	2
SRR1796966	NCI_TARGET	fastq,sra,run.zq	Primary Solid Tumor	10014973790	TARGET: Kidney\, Wilms Tumor (WT)	gs,s3,ncbi	RNA	RNA-Seq	SRP012006	PRJNA89521	SAMN02724513	PAIRED	cDNA	BCCAGSC	2.190563263658	2
SRR1796969	NCI_TARGET	run.zq,sra,fastq	Primary Solid Tumor	11953442757	TARGET: Kidney\, Wilms Tumor (WT)	ncbi,s3,gs	RNA	RNA-Seq	SRP012006	PRJNA89521	SAMN02724571	PAIRED	cDNA	BCCAGSC	2.202516706415	2
SRR1796970	NCI_TARGET	fastq,run.zq,sra	Primary Solid Tumor	11922837735	TARGET: Kidney\, Wilms Tumor (WT)	s3,ncbi,gs	RNA	RNA-Seq	SRP012006	PRJNA89521	SAMN02724714	PAIRED	cDNA	BCCAGSC	2.21443954415	2
SRR1796971	NCI_TARGET	sra,fastq,run.zq	Primary Solid Tumor	7972485218	TARGET: Kidney\, Wilms Tumor (WT)	gs,ncbi,s3	RNA	RNA-Seq	SRP012006	PRJNA89521	SAMN02724663	PAIRED	cDNA	BCCAGSC	2.222412029368	2
SRR1796972	NCI_TARGET	run.zq,fastq,sra	Primary Solid Tumor	15635867985	TARGET: Kidney\, Wilms Tumor (WT)	ncbi,gs,s3	RNA	RNA-Seq	SRP012006	PRJNA89521	SAMN02724557	PAIRED	cDNA	BCCAGSC	2.238047897353	2
SRR1796973	NCI_TARGET	sra,fastq,run.zq	Blood Derived Normal	10402591607	TARGET: Kidney\, Wilms Tumor (WT)	s3,gs,ncbi	RNA	RNA-Seq	SRP012006	PRJNA89521	SAMN02443672	PAIRED	cDNA	BCCAGSC	2.24845048896	2
SRR1796974	NCI_TARGET	fastq,sra,run.zq	Primary Solid Tumor	10584842214	TARGET: Kidney\, Wilms Tumor (WT)	ncbi,s3,gs	RNA	RNA-Seq	SRP012006	PRJNA89521	SAMN02724491	PAIRED	cDNA	BCCAGSC	2.259035331174	2
SRR1796975	NCI_TARGET	run.zq,sra,fastq	Primary Solid Tumor	10636793569	TARGET: Kidney\, Wilms Tumor (WT)	ncbi,s3,gs	RNA	RNA-Seq	SRP012006	PRJNA89521	SAMN02724627	PAIRED	cDNA	BCCAGSC	2.269672124743	2
SRR1796976	NCI_TARGET	run.zq,fastq,sra	Primary Solid Tumor	8184527397	TARGET: Kidney\, Wilms Tumor (WT)	gs,ncbi,s3	RNA	RNA-Seq	SRP012006	PRJNA89521	SAMN02724442	PAIRED	cDNA	BCCAGSC	2.27785665214	2
SRR1796977	NCI_TARGET	run.zq,sra,fastq	Primary Solid Tumor	11856870373	TARGET: Kidney\, Wilms Tumor (WT)	gs,s3,ncbi	RNA	RNA-Seq	SRP012006	PRJNA89521	SAMN02724516	PAIRED	cDNA	BCCAGSC	2.289713522513	2
SRR1796978	NCI_TARGET	sra,fastq,run.zq	Primary Solid Tumor	12632902924	TARGET: Kidney\, Wilms Tumor (WT)	gs,ncbi,s3	RNA	RNA-Seq	SRP012006	PRJNA89521	SAMN02724673	PAIRED	cDNA	BCCAGSC	2.302346425437	2
SRR1796989	NCI_TARGET	sra,run.zq,fastq	Recurrent Solid Tumor	11701958959	TARGET: Kidney\, Wilms Tumor (WT)	gs,ncbi,s3	RNA	RNA-Seq	SRP012006	PRJNA89521	SAMN02724565	PAIRED	cDNA	BCCAGSC	2.314048384396	2
SRR1796991	NCI_TARGET	run.zq,sra,fastq	Primary Solid Tumor	12855447147	TARGET: Kidney\, Wilms Tumor (WT)	ncbi,gs,s3	RNA	RNA-Seq	SRP012006	PRJNA89521	SAMN02724570	PAIRED	cDNA	BCCAGSC	2.326903831543	2
SRR1796992	NCI_TARGET	fastq,sra,run.zq	Primary Solid Tumor	9265938767	TARGET: Kidney\, Wilms Tumor (WT)	ncbi,gs,s3	RNA	RNA-Seq	SRP012006	PRJNA89521	SAMN02724585	PAIRED	cDNA	BCCAGSC	2.33616977031	2
SRR1796993	NCI_TARGET	run.zq,fastq,sra	Primary Solid Tumor	9087987442	TARGET: Kidney\, Wilms Tumor (WT)	s3,gs,ncbi	RNA	RNA-Seq	SRP012006	PRJNA89521	SAMN02724437	PAIRED	cDNA	BCCAGSC	2.345257757752	2
SRR1796994	NCI_TARGET	fastq,sra,run.zq	Primary Solid Tumor	12768862586	TARGET: Kidney\, Wilms Tumor (WT)	gs,ncbi,s3	RNA	RNA-Seq	SRP012006	PRJNA89521	SAMN02724685	PAIRED	cDNA	BCCAGSC	2.358026620338	2
SRR1796995	NCI_TARGET	fastq,sra,run.zq	Primary Solid Tumor	12581318789	TARGET: Kidney\, Wilms Tumor (WT)	ncbi,gs,s3	RNA	RNA-Seq	SRP012006	PRJNA89521	SAMN02724666	PAIRED	cDNA	BCCAGSC	2.370607939127	2
SRR1796999	NCI_TARGET	fastq,sra,run.zq	Primary Solid Tumor	9806081097	TARGET: Kidney\, Wilms Tumor (WT)	s3,gs,ncbi	RNA	RNA-Seq	SRP012006	PRJNA89521	SAMN02724695	PAIRED	cDNA	BCCAGSC	2.380414020224	2
SRR1797000	NCI_TARGET	fastq,sra,run.zq	Primary Solid Tumor	11735337728	TARGET: Kidney\, Wilms Tumor (WT)	ncbi,gs,s3	RNA	RNA-Seq	SRP012006	PRJNA89521	SAMN02724687	PAIRED	cDNA	BCCAGSC	2.392149357952	2
SRR1797001	NCI_TARGET	sra,fastq,run.zq	Primary Solid Tumor	8983783977	TARGET: Kidney\, Wilms Tumor (WT)	s3,ncbi,gs	RNA	RNA-Seq	SRP012006	PRJNA89521	SAMN02724648	PAIRED	cDNA	BCCAGSC	2.401133141929	3
SRR1797002	NCI_TARGET	sra,fastq,run.zq	Recurrent Solid Tumor	12842168107	TARGET: Kidney\, Wilms Tumor (WT)	s3,gs,ncbi	RNA	RNA-Seq	SRP012006	PRJNA89521	SAMN02724595	PAIRED	cDNA	BCCAGSC	2.413975310036	3
SRR1797003	NCI_TARGET	run.zq,sra,fastq	Primary Solid Tumor	9335621921	TARGET: Kidney\, Wilms Tumor (WT)	gs,s3,ncbi	RNA	RNA-Seq	SRP012006	PRJNA89521	SAMN02724694	PAIRED	cDNA	BCCAGSC	2.423310931957	3
SRR1797004	NCI_TARGET	run.zq,sra,fastq	Primary Solid Tumor	9984824110	TARGET: Kidney\, Wilms Tumor (WT)	gs,s3,ncbi	RNA	RNA-Seq	SRP012006	PRJNA89521	SAMN02724608	PAIRED	cDNA	BCCAGSC	2.433295756067	3
SRR1797005	NCI_TARGET	sra,fastq,run.zq	Primary Solid Tumor	10494410199	TARGET: Kidney\, Wilms Tumor (WT)	ncbi,s3,gs	RNA	RNA-Seq	SRP012006	PRJNA89521	SAMN02724569	PAIRED	cDNA	BCCAGSC	2.443790166266	3
SRR1797006	NCI_TARGET	fastq,run.zq,sra	Primary Solid Tumor	12442231685	TARGET: Kidney\, Wilms Tumor (WT)	s3,gs,ncbi	RNA	RNA-Seq	SRP012006	PRJNA89521	SAMN02724494	PAIRED	cDNA	BCCAGSC	2.456232397951	3
SRR1797007	NCI_TARGET	run.zq,fastq,sra	Primary Solid Tumor	8436232563	TARGET: Kidney\, Wilms Tumor (WT)	s3,gs,ncbi	RNA	RNA-Seq	SRP012006	PRJNA89521	SAMN02724708	PAIRED	cDNA	BCCAGSC	2.464668630514	3
SRR1797008	NCI_TARGET	sra,fastq,run.zq	Primary Solid Tumor	7274944377	TARGET: Kidney\, Wilms Tumor (WT)	s3,gs,ncbi	RNA	RNA-Seq	SRP012006	PRJNA89521	SAMN02724679	PAIRED	cDNA	BCCAGSC	2.471943574891	3
SRR1797015	NCI_TARGET	fastq,run.zq,sra	Primary Solid Tumor	10122887596	TARGET: Kidney\, Wilms Tumor (WT)	s3,gs,ncbi	RNA	RNA-Seq	SRP012006	PRJNA89521	SAMN02724466	PAIRED	cDNA	BCCAGSC	2.482066462487	3
SRR1797016	NCI_TARGET	sra,fastq,run.zq	Primary Solid Tumor	10435421867	TARGET: Kidney\, Wilms Tumor (WT)	ncbi,s3,gs	RNA	RNA-Seq	SRP012006	PRJNA89521	SAMN02724589	PAIRED	cDNA	BCCAGSC	2.492501884354	3
SRR1797017	NCI_TARGET	run.zq,sra,fastq	Primary Solid Tumor	10066195537	TARGET: Kidney\, Wilms Tumor (WT)	ncbi,s3,gs	RNA	RNA-Seq	SRP012006	PRJNA89521	SAMN02724691	PAIRED	cDNA	BCCAGSC	2.502568079891	3
SRR1797018	NCI_TARGET	run.zq,fastq,sra	Primary Solid Tumor	9747284179	TARGET: Kidney\, Wilms Tumor (WT)	gs,ncbi,s3	RNA	RNA-Seq	SRP012006	PRJNA89521	SAMN02724467	PAIRED	cDNA	BCCAGSC	2.51231536407	3
SRR1797019	NCI_TARGET	run.zq,fastq,sra	Primary Solid Tumor	12400715123	TARGET: Kidney\, Wilms Tumor (WT)	s3,gs,ncbi	RNA	RNA-Seq	SRP012006	PRJNA89521	SAMN02724704	PAIRED	cDNA	BCCAGSC	2.524716079193	3
SRR1797020	NCI_TARGET	sra,run.zq,fastq	Primary Solid Tumor	9659063257	TARGET: Kidney\, Wilms Tumor (WT)	gs,s3,ncbi	RNA	RNA-Seq	SRP012006	PRJNA89521	SAMN02724615	PAIRED	cDNA	BCCAGSC	2.53437514245	3
SRR1797021	NCI_TARGET	run.zq,fastq,sra	Primary Solid Tumor	8462002046	TARGET: Kidney\, Wilms Tumor (WT)	s3,ncbi,gs	RNA	RNA-Seq	SRP012006	PRJNA89521	SAMN02724599	PAIRED	cDNA	BCCAGSC	2.542837144496	3
SRR1797023	NCI_TARGET	sra,fastq,run.zq	Primary Solid Tumor	6815440699	TARGET: Kidney\, Wilms Tumor (WT)	gs,ncbi,s3	RNA	RNA-Seq	SRP012006	PRJNA89521	SAMN02724459	PAIRED	cDNA	BCCAGSC	2.549652585195	3
SRR1797025	NCI_TARGET	fastq,sra,run.zq	Primary Solid Tumor	10239343389	TARGET: Kidney\, Wilms Tumor (WT)	s3,gs,ncbi	RNA	RNA-Seq	SRP012006	PRJNA89521	SAMN02724692	PAIRED	cDNA	BCCAGSC	2.559891928584	3
SRR1797027	NCI_TARGET	sra,fastq,run.zq	Blood Derived Normal	10117774388	TARGET: Kidney\, Wilms Tumor (WT)	s3,gs,ncbi	RNA	RNA-Seq	SRP012006	PRJNA89521	SAMN02443668	PAIRED	cDNA	BCCAGSC	2.570009702972	3
SRR1797028	NCI_TARGET	fastq,sra,run.zq	Primary Solid Tumor	6724578259	TARGET: Kidney\, Wilms Tumor (WT)	ncbi,s3,gs	RNA	RNA-Seq	SRP012006	PRJNA89521	SAMN02724610	PAIRED	cDNA	BCCAGSC	2.576734281231	3
SRR1797029	NCI_TARGET	run.zq,sra,fastq	Metastatic	12048551085	TARGET: Kidney\, Wilms Tumor (WT)	gs,ncbi,s3	RNA	RNA-Seq	SRP012006	PRJNA89521	SAMN02724660	PAIRED	cDNA	BCCAGSC	2.588782832316	3
SRR1797030	NCI_TARGET	run.zq,sra,fastq	Primary Solid Tumor	11230047361	TARGET: Kidney\, Wilms Tumor (WT)	s3,gs,ncbi	RNA	RNA-Seq	SRP012006	PRJNA89521	SAMN02724452	PAIRED	cDNA	BCCAGSC	2.600012879677	3
SRR1797031	NCI_TARGET	sra,run.zq,fastq	Primary Solid Tumor	9208124457	TARGET: Kidney\, Wilms Tumor (WT)	ncbi,s3,gs	RNA	RNA-Seq	SRP012006	PRJNA89521	SAMN02724454	PAIRED	cDNA	BCCAGSC	2.609221004134	3
SRR1797032	NCI_TARGET	run.zq,sra,fastq	Primary Solid Tumor	7748684791	TARGET: Kidney\, Wilms Tumor (WT)	gs,ncbi,s3	RNA	RNA-Seq	SRP012006	PRJNA89521	SAMN02724535	PAIRED	cDNA	BCCAGSC	2.616969688925	3
SRR1797036	NCI_TARGET	run.zq,sra,fastq	Primary Solid Tumor	9361442220	TARGET: Kidney\, Wilms Tumor (WT)	gs,s3,ncbi	RNA	RNA-Seq	SRP012006	PRJNA89521	SAMN02724542	PAIRED	cDNA	BCCAGSC	2.626331131145	3
SRR1797037	NCI_TARGET	sra,run.zq,fastq	Primary Solid Tumor	9363043510	TARGET: Kidney\, Wilms Tumor (WT)	ncbi,s3,gs	RNA	RNA-Seq	SRP012006	PRJNA89521	SAMN02724696	PAIRED	cDNA	BCCAGSC	2.6356941746550002	3
SRR1797038	NCI_TARGET	run.zq,sra,fastq	Primary Solid Tumor	9105512486	TARGET: Kidney\, Wilms Tumor (WT)	s3,gs,ncbi	RNA	RNA-Seq	SRP012006	PRJNA89521	SAMN02724602	PAIRED	cDNA	BCCAGSC	2.644799687141	3
SRR1797040	NCI_TARGET	run.zq,fastq,sra	Primary Solid Tumor	9649132511	TARGET: Kidney\, Wilms Tumor (WT)	ncbi,gs,s3	RNA	RNA-Seq	SRP012006	PRJNA89521	SAMN02724661	PAIRED	cDNA	BCCAGSC	2.654448819652	3
SRR1797041	NCI_TARGET	fastq,run.zq,sra	Primary Solid Tumor	13398382013	TARGET: Kidney\, Wilms Tumor (WT)	gs,ncbi,s3	RNA	RNA-Seq	SRP012006	PRJNA89521	SAMN02724483	PAIRED	cDNA	BCCAGSC	2.667847201665	3
SRR1797042	NCI_TARGET	sra,run.zq,fastq	Primary Solid Tumor	11448444037	TARGET: Kidney\, Wilms Tumor (WT)	gs,ncbi,s3	RNA	RNA-Seq	SRP012006	PRJNA89521	SAMN02724678	PAIRED	cDNA	BCCAGSC	2.679295645702	3
SRR1797043	NCI_TARGET	fastq,run.zq,sra	Primary Solid Tumor	9306387395	TARGET: Kidney\, Wilms Tumor (WT)	gs,s3,ncbi	RNA	RNA-Seq	SRP012006	PRJNA89521	SAMN02724639	PAIRED	cDNA	BCCAGSC	2.688602033097	3
SRR1797044	NCI_TARGET	sra,run.zq,fastq	Primary Solid Tumor	11978118512	TARGET: Kidney\, Wilms Tumor (WT)	ncbi,s3,gs	RNA	RNA-Seq	SRP012006	PRJNA89521	SAMN02724652	PAIRED	cDNA	BCCAGSC	2.700580151609	3
SRR1797045	NCI_TARGET	fastq,run.zq,sra	Primary Solid Tumor	8356782978	TARGET: Kidney\, Wilms Tumor (WT)	ncbi,s3,gs	RNA	RNA-Seq	SRP012006	PRJNA89521	SAMN02724501	PAIRED	cDNA	BCCAGSC	2.708936934587	3
SRR1797046	NCI_TARGET	run.zq,fastq,sra	Primary Solid Tumor	10628447192	TARGET: Kidney\, Wilms Tumor (WT)	gs,s3,ncbi	RNA	RNA-Seq	SRP012006	PRJNA89521	SAMN02724703	PAIRED	cDNA	BCCAGSC	2.719565381779	3
SRR1797048	NCI_TARGET	fastq,run.zq,sra	Primary Solid Tumor	10163265836	TARGET: Kidney\, Wilms Tumor (WT)	ncbi,s3,gs	RNA	RNA-Seq	SRP012006	PRJNA89521	SAMN02724453	PAIRED	cDNA	BCCAGSC	2.729728647615	3
SRR1797049	NCI_TARGET	sra,fastq,run.zq	Primary Solid Tumor	9468594794	TARGET: Kidney\, Wilms Tumor (WT)	s3,gs,ncbi	RNA	RNA-Seq	SRP012006	PRJNA89521	SAMN02724649	PAIRED	cDNA	BCCAGSC	2.739197242409	3
SRR1797050	NCI_TARGET	fastq,sra,run.zq	Primary Solid Tumor	9017534664	TARGET: Kidney\, Wilms Tumor (WT)	gs,s3,ncbi	RNA	RNA-Seq	SRP012006	PRJNA89521	SAMN02724436	PAIRED	cDNA	BCCAGSC	2.748214777073	3
SRR1797051	NCI_TARGET	fastq,sra,run.zq	Primary Solid Tumor	5651516732	TARGET: Kidney\, Wilms Tumor (WT)	ncbi,s3,gs	RNA	RNA-Seq	SRP012006	PRJNA89521	SAMN02724476	PAIRED	cDNA	BCCAGSC	2.753866293805	3
SRR1797054	NCI_TARGET	run.zq,fastq,sra	Primary Solid Tumor	7373974725	TARGET: Kidney\, Wilms Tumor (WT)	gs,s3,ncbi	RNA	RNA-Seq	SRP012006	PRJNA89521	SAMN02724448	PAIRED	cDNA	BCCAGSC	2.76124026853	3
SRR1797056	NCI_TARGET	fastq,run.zq,sra	Primary Solid Tumor	9022018423	TARGET: Kidney\, Wilms Tumor (WT)	gs,s3,ncbi	RNA	RNA-Seq	SRP012006	PRJNA89521	SAMN02724616	PAIRED	cDNA	BCCAGSC	2.770262286953	3
SRR1797058	NCI_TARGET	fastq,sra,run.zq	Primary Solid Tumor	12069357776	TARGET: Kidney\, Wilms Tumor (WT)	ncbi,gs,s3	RNA	RNA-Seq	SRP012006	PRJNA89521	SAMN02724574	PAIRED	cDNA	BCCAGSC	2.782331644729	3
SRR1797059	NCI_TARGET	run.zq,fastq,sra	Primary Solid Tumor	8007458579	TARGET: Kidney\, Wilms Tumor (WT)	ncbi,s3,gs	RNA	RNA-Seq	SRP012006	PRJNA89521	SAMN02724706	PAIRED	cDNA	BCCAGSC	2.790339103308	3
SRR1797060	NCI_TARGET	sra,fastq,run.zq	Primary Solid Tumor	9710475491	TARGET: Kidney\, Wilms Tumor (WT)	gs,ncbi,s3	RNA	RNA-Seq	SRP012006	PRJNA89521	SAMN02724657	PAIRED	cDNA	BCCAGSC	2.800049578799	3
SRR1797061	NCI_TARGET	sra,fastq,run.zq	Primary Solid Tumor	6624503759	TARGET: Kidney\, Wilms Tumor (WT)	ncbi,gs,s3	RNA	RNA-Seq	SRP012006	PRJNA89521	SAMN02724632	PAIRED	cDNA	BCCAGSC	2.806674082558	3
SRR1797062	NCI_TARGET	fastq,sra,run.zq	Primary Solid Tumor	7700921707	TARGET: Kidney\, Wilms Tumor (WT)	gs,s3,ncbi	RNA	RNA-Seq	SRP012006	PRJNA89521	SAMN02724530	PAIRED	cDNA	BCCAGSC	2.814375004265	3
SRR1797063	NCI_TARGET	sra,fastq,run.zq	Primary Blood Derived Cancer - Bone Marrow	6784990772	TARGET: Acute Lymphoblastic Leukemia (ALL) Expansion Phase 2	s3,gs,ncbi	RNA	RNA-Seq	SRP011999	PRJNA89529	SAMN02386026	PAIRED	cDNA	BCCAGSC	2.821159995037	3
SRR1797064	NCI_TARGET	fastq,sra,run.zq	Primary Blood Derived Cancer - Peripheral Blood	10257085590	TARGET: Acute Lymphoblastic Leukemia (ALL) Expansion Phase 2	gs,ncbi,s3	RNA	RNA-Seq	SRP011999	PRJNA89529	SAMN02724355	PAIRED	cDNA	BCCAGSC	2.831417080627	3
SRR1797065	NCI_TARGET	run.zq,fastq,sra	Primary Blood Derived Cancer - Peripheral Blood	7873828172	TARGET: Acute Lymphoblastic Leukemia (ALL) Expansion Phase 2	s3,gs,ncbi	RNA	RNA-Seq	SRP011999	PRJNA89529	SAMN02722872	PAIRED	cDNA	BCCAGSC	2.839290908799	3
SRR1797067	NCI_TARGET	sra,fastq,run.zq	Primary Blood Derived Cancer - Bone Marrow	8102896405	TARGET: Acute Lymphoblastic Leukemia (ALL) Expansion Phase 2	gs,ncbi,s3	RNA	RNA-Seq	SRP011999	PRJNA89529	SAMN02723554	PAIRED	cDNA	BCCAGSC	2.847393805204	3
SRR1797068	NCI_TARGET	fastq,run.zq,sra	Recurrent Blood Derived Cancer - Bone Marrow	12679474067	TARGET: Acute Lymphoblastic Leukemia (ALL) Expansion Phase 2	s3,gs,ncbi	RNA	RNA-Seq	SRP011999	PRJNA89529	SAMN02386114	PAIRED	cDNA	BCCAGSC	2.860073279271	3
SRR1797069	NCI_TARGET	sra,fastq,run.zq	Primary Blood Derived Cancer - Peripheral Blood	9652499162	TARGET: Acute Lymphoblastic Leukemia (ALL) Expansion Phase 2	ncbi,s3,gs	RNA	RNA-Seq	SRP011999	PRJNA89529	SAMN02723798	PAIRED	cDNA	BCCAGSC	2.869725778433	3
SRR1797070	NCI_TARGET	sra,fastq,run.zq	Recurrent Blood Derived Cancer - Bone Marrow	11078732848	TARGET: Acute Lymphoblastic Leukemia (ALL) Expansion Phase 2	s3,gs,ncbi	RNA	RNA-Seq	SRP011999	PRJNA89529	SAMN02723751	PAIRED	cDNA	BCCAGSC	2.880804511281	3
SRR1797075	NCI_TARGET	sra,fastq,run.zq	Recurrent Blood Derived Cancer - Bone Marrow	10550664217	TARGET: Acute Lymphoblastic Leukemia (ALL) Expansion Phase 2	ncbi,s3,gs	RNA	RNA-Seq	SRP011999	PRJNA89529	SAMN02385821	PAIRED	cDNA	BCCAGSC	2.891355175498	3
SRR1797076	NCI_TARGET	run.zq,sra,fastq	Primary Blood Derived Cancer - Bone Marrow	5600419185	TARGET: Acute Lymphoblastic Leukemia (ALL) Expansion Phase 2	ncbi,gs,s3	RNA	RNA-Seq	SRP011999	PRJNA89529	SAMN02386145	PAIRED	cDNA	BCCAGSC	2.896955594683	3
SRR1797077	NCI_TARGET	run.zq,fastq,sra	Primary Blood Derived Cancer - Bone Marrow	10084023041	TARGET: Acute Lymphoblastic Leukemia (ALL) Expansion Phase 2	s3,ncbi,gs	RNA	RNA-Seq	SRP011999	PRJNA89529	SAMN02385924	PAIRED	cDNA	BCCAGSC	2.907039617724	3
SRR1797088	NCI_TARGET	sra,fastq,run.zq	Primary Blood Derived Cancer - Bone Marrow	9023177647	TARGET: Acute Lymphoblastic Leukemia (ALL) Expansion Phase 2	gs,ncbi,s3	RNA	RNA-Seq	SRP011999	PRJNA89529	SAMN02385867	PAIRED	cDNA	BCCAGSC	2.916062795371	3
SRR1797090	NCI_TARGET	sra,fastq,run.zq	Primary Blood Derived Cancer - Bone Marrow	10136102732	TARGET: Acute Lymphoblastic Leukemia (ALL) Expansion Phase 2	s3,ncbi,gs	RNA	RNA-Seq	SRP011999	PRJNA89529	SAMN02385806	PAIRED	cDNA	BCCAGSC	2.926198898103	3
SRR1797091	NCI_TARGET	fastq,run.zq,sra	Primary Blood Derived Cancer - Bone Marrow	9730043846	TARGET: Acute Lymphoblastic Leukemia (ALL) Expansion Phase 2	s3,ncbi,gs	RNA	RNA-Seq	SRP011999	PRJNA89529	SAMN02386043	PAIRED	cDNA	BCCAGSC	2.935928941949	3
SRR1797098	NCI_TARGET	fastq,sra,run.zq	Primary Blood Derived Cancer - Bone Marrow	7897898915	TARGET: Acute Lymphoblastic Leukemia (ALL) Expansion Phase 2	gs,ncbi,s3	RNA	RNA-Seq	SRP011999	PRJNA89529	SAMN02386035	PAIRED	cDNA	BCCAGSC	2.943826840864	3
SRR1797099	NCI_TARGET	run.zq,sra,fastq	Recurrent Blood Derived Cancer - Bone Marrow	7750945683	TARGET: Acute Lymphoblastic Leukemia (ALL) Expansion Phase 2	s3,gs,ncbi	RNA	RNA-Seq	SRP011999	PRJNA89529	SAMN02386103	PAIRED	cDNA	BCCAGSC	2.951577786547	3
SRR1797100	NCI_TARGET	fastq,run.zq,sra	Primary Blood Derived Cancer - Bone Marrow	13269178268	TARGET: Acute Lymphoblastic Leukemia (ALL) Expansion Phase 2	s3,ncbi,gs	RNA	RNA-Seq	SRP011999	PRJNA89529	SAMN03178163	PAIRED	cDNA	BCCAGSC	2.964846964815	3
SRR1797101	NCI_TARGET	fastq,sra,run.zq	Recurrent Blood Derived Cancer - Bone Marrow	7679054895	TARGET: Acute Lymphoblastic Leukemia (ALL) Expansion Phase 2	gs,s3,ncbi	RNA	RNA-Seq	SRP011999	PRJNA89529	SAMN02385853	PAIRED	cDNA	BCCAGSC	2.97252601971	3
SRR1797102	NCI_TARGET	fastq,sra,run.zq	Recurrent Blood Derived Cancer - Bone Marrow	11373143625	TARGET: Acute Lymphoblastic Leukemia (ALL) Expansion Phase 2	s3,gs,ncbi	RNA	RNA-Seq	SRP011999	PRJNA89529	SAMN02385845	PAIRED	cDNA	BCCAGSC	2.983899163335	3
SRR1797103	NCI_TARGET	fastq,sra,run.zq	Recurrent Blood Derived Cancer - Bone Marrow	11453923380	TARGET: Acute Lymphoblastic Leukemia (ALL) Expansion Phase 2	s3,gs,ncbi	RNA	RNA-Seq	SRP011999	PRJNA89529	SAMN02385753	PAIRED	cDNA	BCCAGSC	2.995353086715	3
SRR1797118	NCI_TARGET	run.zq,sra,fastq	Primary Blood Derived Cancer - Bone Marrow	14997162649	TARGET: Acute Lymphoblastic Leukemia (ALL) Expansion Phase 2	gs,ncbi,s3	RNA	RNA-Seq	SRP011999	PRJNA89529	SAMN02385937	PAIRED	cDNA	BCCAGSC	3.010350249364	3
SRR1797119	NCI_TARGET	fastq,run.zq,sra	Recurrent Blood Derived Cancer - Bone Marrow	13210689814	TARGET: Acute Lymphoblastic Leukemia (ALL) Expansion Phase 2	gs,s3,ncbi	RNA	RNA-Seq	SRP011999	PRJNA89529	SAMN02385864	PAIRED	cDNA	BCCAGSC	3.023560939178	3
SRR1797120	NCI_TARGET	fastq,run.zq,sra	Primary Blood Derived Cancer - Bone Marrow	8081294286	TARGET: Acute Lymphoblastic Leukemia (ALL) Expansion Phase 2	gs,ncbi,s3	RNA	RNA-Seq	SRP011999	PRJNA89529	SAMN02723947	PAIRED	cDNA	BCCAGSC	3.031642233464	3
SRR1797121	NCI_TARGET	fastq,run.zq,sra	Primary Blood Derived Cancer - Bone Marrow	9426496745	TARGET: Acute Lymphoblastic Leukemia (ALL) Expansion Phase 2	s3,gs,ncbi	RNA	RNA-Seq	SRP011999	PRJNA89529	SAMN02723859	PAIRED	cDNA	BCCAGSC	3.041068730209	3
SRR1797123	NCI_TARGET	sra,run.zq,fastq	Recurrent Blood Derived Cancer - Bone Marrow	4228056039	TARGET: Acute Lymphoblastic Leukemia (ALL) Expansion Phase 2	ncbi,s3,gs	RNA	RNA-Seq	SRP011999	PRJNA89529	SAMN02385901	PAIRED	cDNA	BCCAGSC	3.045296786248	3
SRR1797124	NCI_TARGET	fastq,run.zq,sra	Primary Blood Derived Cancer - Bone Marrow	14066046749	TARGET: Acute Lymphoblastic Leukemia (ALL) Expansion Phase 2	ncbi,s3,gs	RNA	RNA-Seq	SRP011999	PRJNA89529	SAMN02385953	PAIRED	cDNA	BCCAGSC	3.059362832997	3
SRR1797125	NCI_TARGET	sra,fastq,run.zq	Primary Blood Derived Cancer - Bone Marrow	11434088689	TARGET: Acute Lymphoblastic Leukemia (ALL) Expansion Phase 2	ncbi,gs,s3	RNA	RNA-Seq	SRP011999	PRJNA89529	SAMN02386039	PAIRED	cDNA	BCCAGSC	3.070796921686	3
SRR1797126	NCI_TARGET	run.zq,fastq,sra	Recurrent Blood Derived Cancer - Bone Marrow	11497705904	TARGET: Acute Lymphoblastic Leukemia (ALL) Expansion Phase 2	s3,ncbi,gs	RNA	RNA-Seq	SRP011999	PRJNA89529	SAMN02385827	PAIRED	cDNA	BCCAGSC	3.08229462759	3
SRR1797127	NCI_TARGET	fastq,run.zq,sra	Primary Blood Derived Cancer - Bone Marrow	9619938214	TARGET: Acute Lymphoblastic Leukemia (ALL) Expansion Phase 2	s3,ncbi,gs	RNA	RNA-Seq	SRP011999	PRJNA89529	SAMN02386014	PAIRED	cDNA	BCCAGSC	3.091914565804	3
SRR1797128	NCI_TARGET	sra,run.zq,fastq	Recurrent Blood Derived Cancer - Peripheral Blood	12562619244	TARGET: Acute Lymphoblastic Leukemia (ALL) Expansion Phase 2	ncbi,gs,s3	RNA	RNA-Seq	SRP011999	PRJNA89529	SAMN02385903	PAIRED	cDNA	BCCAGSC	3.104477185048	3
SRR1797129	NCI_TARGET	sra,run.zq,fastq	Primary Blood Derived Cancer - Bone Marrow	12299970486	TARGET: Acute Lymphoblastic Leukemia (ALL) Expansion Phase 2	ncbi,gs,s3	RNA	RNA-Seq	SRP011999	PRJNA89529	SAMN02385876	PAIRED	cDNA	BCCAGSC	3.116777155534	3
SRR1797130	NCI_TARGET	sra,fastq,run.zq	Primary Blood Derived Cancer - Bone Marrow	1628679613	TARGET: Acute Lymphoblastic Leukemia (ALL) Expansion Phase 2	s3,gs,ncbi	RNA	RNA-Seq	SRP011999	PRJNA89529	SAMN02723986	PAIRED	cDNA	BCCAGSC	3.118405835147	3
SRR1798958	NCI_TARGET	fastq,run.zq,sra	Blood Derived Cancer - Bone Marrow\, Post-treatment	9797117801	TARGET: Acute Myeloid Leukemia (AML)	ncbi,gs,s3	RNA	RNA-Seq	SRP012000	PRJNA89525	SAMN01778592	PAIRED	cDNA	BCCAGSC	3.128202952948	3
SRR1798975	NCI_TARGET	run.zq,sra,fastq	Primary Blood Derived Cancer - Bone Marrow	8076028310	TARGET: Acute Myeloid Leukemia (AML)	gs,s3,ncbi	RNA	RNA-Seq	SRP012000	PRJNA89525	SAMN01778634	PAIRED	cDNA	BCCAGSC	3.136278981258	3
SRR1798977	NCI_TARGET	sra,fastq,run.zq	Primary Blood Derived Cancer - Bone Marrow	12189078581	TARGET: Acute Myeloid Leukemia (AML)	gs,s3,ncbi	RNA	RNA-Seq	SRP012000	PRJNA89525	SAMN01778636	PAIRED	cDNA	BCCAGSC	3.148468059839	3
SRR1798982	NCI_TARGET	fastq,run.zq,sra	Primary Blood Derived Cancer - Bone Marrow	11019989617	TARGET: Acute Myeloid Leukemia (AML)	gs,ncbi,s3	RNA	RNA-Seq	SRP012000	PRJNA89525	SAMN01778570	PAIRED	cDNA	BCCAGSC	3.159488049456	3
SRR1798983	NCI_TARGET	fastq,run.zq,sra	Blood Derived Cancer - Bone Marrow\, Post-treatment	9883545974	TARGET: Acute Myeloid Leukemia (AML)	ncbi,s3,gs	RNA	RNA-Seq	SRP012000	PRJNA89525	SAMN01778588	PAIRED	cDNA	BCCAGSC	3.16937159543	3
SRR1798997	NCI_TARGET	sra,fastq,run.zq	Primary Blood Derived Cancer - Bone Marrow	11765205939	TARGET: Acute Myeloid Leukemia (AML)	gs,ncbi,s3	RNA	RNA-Seq	SRP012000	PRJNA89525	SAMN01778607	PAIRED	cDNA	BCCAGSC	3.181136801369	3
SRR1799000	NCI_TARGET	fastq,run.zq,sra	Primary Blood Derived Cancer - Bone Marrow	11509107969	TARGET: Acute Myeloid Leukemia (AML)	gs,ncbi,s3	RNA	RNA-Seq	SRP012000	PRJNA89525	SAMN01778591	PAIRED	cDNA	BCCAGSC	3.192645909338	3
SRR1799003	NCI_TARGET	fastq,run.zq,sra	Primary Blood Derived Cancer - Bone Marrow	8141076442	TARGET: Acute Myeloid Leukemia (AML)	gs,ncbi,s3	RNA	RNA-Seq	SRP012000	PRJNA89525	SAMN01778565	PAIRED	cDNA	BCCAGSC	3.20078698578	3
SRR1799008	NCI_TARGET	run.zq,sra,fastq	Primary Blood Derived Cancer - Bone Marrow	5789241616	TARGET: Acute Myeloid Leukemia (AML)	ncbi,s3,gs	RNA	RNA-Seq	SRP012000	PRJNA89525	SAMN01778656	PAIRED	cDNA	BCCAGSC	3.206576227396	3
SRR1799012	NCI_TARGET	sra,run.zq,fastq	Blood Derived Cancer - Bone Marrow\, Post-treatment	8474331126	TARGET: Acute Myeloid Leukemia (AML)	s3,ncbi,gs	RNA	RNA-Seq	SRP012000	PRJNA89525	SAMN01778635	PAIRED	cDNA	BCCAGSC	3.215050558522	3
SRR1799018	NCI_TARGET	fastq,sra,run.zq	Primary Blood Derived Cancer - Bone Marrow	11206605709	TARGET: Acute Myeloid Leukemia (AML)	s3,ncbi,gs	RNA	RNA-Seq	SRP012000	PRJNA89525	SAMN01778622	PAIRED	cDNA	BCCAGSC	3.226257164231	3
SRR1799019	NCI_TARGET	sra,run.zq,fastq	Primary Blood Derived Cancer - Peripheral Blood	11167680398	TARGET: Acute Myeloid Leukemia (AML)	gs,ncbi,s3	RNA	RNA-Seq	SRP012000	PRJNA89525	SAMN01778616	PAIRED	cDNA	BCCAGSC	3.237424844629	3
SRR1799020	NCI_TARGET	sra,fastq,run.zq	Primary Blood Derived Cancer - Bone Marrow	12796329422	TARGET: Acute Myeloid Leukemia (AML)	s3,gs,ncbi	RNA	RNA-Seq	SRP012000	PRJNA89525	SAMN01778646	PAIRED	cDNA	BCCAGSC	3.250221174051	3
SRR1799021	NCI_TARGET	run.zq,sra,fastq	Primary Blood Derived Cancer - Bone Marrow	11439873261	TARGET: Acute Myeloid Leukemia (AML)	gs,ncbi,s3	RNA	RNA-Seq	SRP012000	PRJNA89525	SAMN01778539	PAIRED	cDNA	BCCAGSC	3.261661047312	3
SRR1799023	NCI_TARGET	fastq,run.zq,sra	Primary Blood Derived Cancer - Bone Marrow	10164775023	TARGET: Acute Myeloid Leukemia (AML)	s3,ncbi,gs	RNA	RNA-Seq	SRP012000	PRJNA89525	SAMN01778559	PAIRED	cDNA	BCCAGSC	3.271825822335	3
SRR1799040	NCI_TARGET	fastq,sra,run.zq	Primary Solid Tumor	10058595316	TARGET: Kidney\, Rhabdoid Tumor (RT)	s3,gs,ncbi	RNA	RNA-Seq	SRP012005	PRJNA89539	SAMN01778450	PAIRED	cDNA	BCCAGSC	3.281884417651	3
SRR1799043	NCI_TARGET	fastq,run.zq,sra	Solid Tissue Normal	12867458146	TARGET: Kidney\, Rhabdoid Tumor (RT)	s3,gs,ncbi	RNA	RNA-Seq	SRP012005	PRJNA89539	SAMN02443663	PAIRED	cDNA	BCCAGSC	3.294751875797	3
SRR1799047	NCI_TARGET	sra,fastq,run.zq	Primary Solid Tumor	13060594704	TARGET: Kidney\, Rhabdoid Tumor (RT)	gs,ncbi,s3	RNA	RNA-Seq	SRP012005	PRJNA89539	SAMN01778435	PAIRED	cDNA	BCCAGSC	3.307812470501	3
SRR1799048	NCI_TARGET	fastq,run.zq,sra	Primary Solid Tumor	12102876098	TARGET: Kidney\, Rhabdoid Tumor (RT)	ncbi,gs,s3	RNA	RNA-Seq	SRP012005	PRJNA89539	SAMN01778486	PAIRED	cDNA	BCCAGSC	3.319915346599	3
SRR1799068	NCI_TARGET	fastq,sra,run.zq	Primary Solid Tumor	12980095269	TARGET: Kidney\, Rhabdoid Tumor (RT)	s3,gs,ncbi	RNA	RNA-Seq	SRP012005	PRJNA89539	SAMN01778476	PAIRED	cDNA	BCCAGSC	3.332895441868	3
SRR1799073	NCI_TARGET	run.zq,fastq,sra	Primary Solid Tumor	11809726750	TARGET: Kidney\, Rhabdoid Tumor (RT)	ncbi,s3,gs	RNA	RNA-Seq	SRP012005	PRJNA89539	SAMN01778432	PAIRED	cDNA	BCCAGSC	3.344705168618	3
SRR1799074	NCI_TARGET	fastq,run.zq,sra	Primary Solid Tumor	13024420734	TARGET: Kidney\, Rhabdoid Tumor (RT)	s3,gs,ncbi	RNA	RNA-Seq	SRP012005	PRJNA89539	SAMN01778452	PAIRED	cDNA	BCCAGSC	3.357729589352	3
SRR1799082	NCI_TARGET	sra,run.zq,fastq	Solid Tissue Normal	10492045314	TARGET: Kidney\, Rhabdoid Tumor (RT)	gs,s3,ncbi	RNA	RNA-Seq	SRP012005	PRJNA89539	SAMN02443664	PAIRED	cDNA	BCCAGSC	3.368221634666	3
SRR1799083	NCI_TARGET	run.zq,sra,fastq	Primary Solid Tumor	10352116332	TARGET: Kidney\, Rhabdoid Tumor (RT)	ncbi,gs,s3	RNA	RNA-Seq	SRP012005	PRJNA89539	SAMN01778433	PAIRED	cDNA	BCCAGSC	3.378573750998	3
SRR1799084	NCI_TARGET	run.zq,fastq,sra	Primary Solid Tumor	14922855611	TARGET: Kidney\, Rhabdoid Tumor (RT)	ncbi,gs,s3	RNA	RNA-Seq	SRP012005	PRJNA89539	SAMN01778462	PAIRED	cDNA	BCCAGSC	3.393496606609	3
SRR1799085	NCI_TARGET	fastq,run.zq,sra	Primary Solid Tumor	12498711548	TARGET: Kidney\, Rhabdoid Tumor (RT)	s3,gs,ncbi	RNA	RNA-Seq	SRP012005	PRJNA89539	SAMN01778469	PAIRED	cDNA	BCCAGSC	3.405995318157	3
SRR1799086	NCI_TARGET	fastq,sra,run.zq	Primary Solid Tumor	12094238950	TARGET: Kidney\, Rhabdoid Tumor (RT)	s3,ncbi,gs	RNA	RNA-Seq	SRP012005	PRJNA89539	SAMN01778456	PAIRED	cDNA	BCCAGSC	3.418089557107	3
SRR1790984	NCI_TARGET	sra,fastq,run.zq	Primary Blood Derived Cancer - Peripheral Blood	11342620492	TARGET: Acute Lymphoblastic Leukemia (ALL) Expansion Phase 2	s3,ncbi,gs	RNA	RNA-Seq	SRP011999	PRJNA89529	SAMN02722912	PAIRED	cDNA	BCCAGSC	3.429432177599	3
SRR1790985	NCI_TARGET	sra,run.zq,fastq	Primary Blood Derived Cancer - Bone Marrow	10482190202	TARGET: Acute Lymphoblastic Leukemia (ALL) Expansion Phase 2	s3,gs,ncbi	RNA	RNA-Seq	SRP011999	PRJNA89529	SAMN02385995	PAIRED	cDNA	BCCAGSC	3.439914367801	3
SRR1790986	NCI_TARGET	sra,fastq,run.zq	Primary Blood Derived Cancer - Peripheral Blood	8905815169	TARGET: Acute Lymphoblastic Leukemia (ALL) Expansion Phase 2	ncbi,gs,s3	RNA	RNA-Seq	SRP011999	PRJNA89529	SAMN02385968	PAIRED	cDNA	BCCAGSC	3.44882018297	3
SRR1790987	NCI_TARGET	run.zq,sra,fastq	Primary Blood Derived Cancer - Bone Marrow	6493398205	TARGET: Acute Lymphoblastic Leukemia (ALL) Expansion Phase 2	gs,s3,ncbi	RNA	RNA-Seq	SRP011999	PRJNA89529	SAMN02385810	PAIRED	cDNA	BCCAGSC	3.455313581175	3
SRR1790988	NCI_TARGET	run.zq,sra,fastq	Recurrent Blood Derived Cancer - Bone Marrow	16184128297	TARGET: Acute Lymphoblastic Leukemia (ALL) Expansion Phase 2	ncbi,gs,s3	RNA	RNA-Seq	SRP011999	PRJNA89529	SAMN02385757	PAIRED	cDNA	BCCAGSC	3.471497709472	3
SRR1790989	NCI_TARGET	run.zq,sra,fastq	Primary Blood Derived Cancer - Bone Marrow	3921618139	TARGET: Acute Lymphoblastic Leukemia (ALL) Expansion Phase 2	gs,s3,ncbi	RNA	RNA-Seq	SRP011999	PRJNA89529	SAMN02724414	PAIRED	cDNA	BCCAGSC	3.475419327611	3
SRR1790990	NCI_TARGET	sra,run.zq,fastq	Recurrent Blood Derived Cancer - Bone Marrow	10184522905	TARGET: Acute Lymphoblastic Leukemia (ALL) Expansion Phase 2	ncbi,s3,gs	RNA	RNA-Seq	SRP011999	PRJNA89529	SAMN02385751	PAIRED	cDNA	BCCAGSC	3.485603850516	3
SRR1790991	NCI_TARGET	run.zq,sra,fastq	Primary Blood Derived Cancer - Bone Marrow	13261191692	TARGET: Acute Lymphoblastic Leukemia (ALL) Expansion Phase 2	ncbi,s3,gs	RNA	RNA-Seq	SRP011999	PRJNA89529	SAMN02386061	PAIRED	cDNA	BCCAGSC	3.498865042208	3
SRR1790992	NCI_TARGET	run.zq,sra,fastq	Recurrent Blood Derived Cancer - Bone Marrow	14019977399	TARGET: Acute Lymphoblastic Leukemia (ALL) Expansion Phase 2	s3,gs,ncbi	RNA	RNA-Seq	SRP011999	PRJNA89529	SAMN02724086	PAIRED	cDNA	BCCAGSC	3.512885019607	3
SRR1790993	NCI_TARGET	fastq,sra,run.zq	Recurrent Blood Derived Cancer - Bone Marrow	9989523218	TARGET: Acute Lymphoblastic Leukemia (ALL) Expansion Phase 2	gs,ncbi,s3	RNA	RNA-Seq	SRP011999	PRJNA89529	SAMN02386150	PAIRED	cDNA	BCCAGSC	3.522874542825	3
SRR1790994	NCI_TARGET	fastq,run.zq,sra	Recurrent Blood Derived Cancer - Bone Marrow	13092472403	TARGET: Acute Lymphoblastic Leukemia (ALL) Expansion Phase 2	s3,ncbi,gs	RNA	RNA-Seq	SRP011999	PRJNA89529	SAMN02723883	PAIRED	cDNA	BCCAGSC	3.535967015228	3
SRR1790995	NCI_TARGET	sra,fastq,run.zq	Recurrent Blood Derived Cancer - Bone Marrow	20353547640	TARGET: Acute Lymphoblastic Leukemia (ALL) Expansion Phase 2	ncbi,gs,s3	RNA	RNA-Seq	SRP011999	PRJNA89529	SAMN02385981	PAIRED	cDNA	BCCAGSC	3.556320562868	3
SRR1790996	NCI_TARGET	run.zq,sra,fastq	Recurrent Blood Derived Cancer - Bone Marrow	8505872796	TARGET: Acute Lymphoblastic Leukemia (ALL) Expansion Phase 2	ncbi,s3,gs	RNA	RNA-Seq	SRP011999	PRJNA89529	SAMN02385796	PAIRED	cDNA	BCCAGSC	3.564826435664	3
SRR1790997	NCI_TARGET	run.zq,sra,fastq	Primary Blood Derived Cancer - Peripheral Blood	9185146728	TARGET: Acute Lymphoblastic Leukemia (ALL) Expansion Phase 2	ncbi,s3,gs	RNA	RNA-Seq	SRP011999	PRJNA89529	SAMN02385848	PAIRED	cDNA	BCCAGSC	3.574011582392	3
SRR1790998	NCI_TARGET	sra,run.zq,fastq	Recurrent Blood Derived Cancer - Bone Marrow	12237268972	TARGET: Acute Lymphoblastic Leukemia (ALL) Expansion Phase 2	s3,gs,ncbi	RNA	RNA-Seq	SRP011999	PRJNA89529	SAMN02385893	PAIRED	cDNA	BCCAGSC	3.586248851364	3
SRR1790999	NCI_TARGET	run.zq,fastq,sra	Primary Blood Derived Cancer - Bone Marrow	9356085032	TARGET: Acute Lymphoblastic Leukemia (ALL) Expansion Phase 2	ncbi,gs,s3	RNA	RNA-Seq	SRP011999	PRJNA89529	SAMN02386000	PAIRED	cDNA	BCCAGSC	3.595604936396	3
SRR1791000	NCI_TARGET	sra,run.zq,fastq	Primary Blood Derived Cancer - Bone Marrow	9552532625	TARGET: Acute Lymphoblastic Leukemia (ALL) Expansion Phase 2	ncbi,s3,gs	RNA	RNA-Seq	SRP011999	PRJNA89529	SAMN02385866	PAIRED	cDNA	BCCAGSC	3.605157469021	4
SRR1791001	NCI_TARGET	sra,fastq,run.zq	Recurrent Blood Derived Cancer - Bone Marrow	14545387247	TARGET: Acute Lymphoblastic Leukemia (ALL) Expansion Phase 2	gs,s3,ncbi	RNA	RNA-Seq	SRP011999	PRJNA89529	SAMN02385812	PAIRED	cDNA	BCCAGSC	3.619702856268	4
SRR1791002	NCI_TARGET	fastq,sra,run.zq	Primary Blood Derived Cancer - Bone Marrow	6325868188	TARGET: Acute Lymphoblastic Leukemia (ALL) Expansion Phase 2	gs,s3,ncbi	RNA	RNA-Seq	SRP011999	PRJNA89529	SAMN02723121	PAIRED	cDNA	BCCAGSC	3.626028724456	4
SRR1791003	NCI_TARGET	sra,fastq,run.zq	Primary Blood Derived Cancer - Bone Marrow	9646518528	TARGET: Acute Lymphoblastic Leukemia (ALL) Expansion Phase 2	gs,ncbi,s3	RNA	RNA-Seq	SRP011999	PRJNA89529	SAMN02723157	PAIRED	cDNA	BCCAGSC	3.635675242984	4
SRR1791004	NCI_TARGET	sra,fastq,run.zq	Primary Blood Derived Cancer - Bone Marrow	6478681030	TARGET: Acute Lymphoblastic Leukemia (ALL) Expansion Phase 2	ncbi,s3,gs	RNA	RNA-Seq	SRP011999	PRJNA89529	SAMN02723955	PAIRED	cDNA	BCCAGSC	3.642153924014	4
SRR1791005	NCI_TARGET	run.zq,sra,fastq	Primary Blood Derived Cancer - Bone Marrow	9880640581	TARGET: Acute Lymphoblastic Leukemia (ALL) Expansion Phase 2	s3,gs,ncbi	RNA	RNA-Seq	SRP011999	PRJNA89529	SAMN02385791	PAIRED	cDNA	BCCAGSC	3.652034564595	4
SRR1791006	NCI_TARGET	run.zq,fastq,sra	Recurrent Blood Derived Cancer - Bone Marrow	10961694571	TARGET: Acute Lymphoblastic Leukemia (ALL) Expansion Phase 2	gs,s3,ncbi	RNA	RNA-Seq	SRP011999	PRJNA89529	SAMN02723225	PAIRED	cDNA	BCCAGSC	3.662996259166	4
SRR1791007	NCI_TARGET	run.zq,sra,fastq	Primary Blood Derived Cancer - Bone Marrow	14469709899	TARGET: Acute Lymphoblastic Leukemia (ALL) Expansion Phase 2	gs,ncbi,s3	RNA	RNA-Seq	SRP011999	PRJNA89529	SAMN02386124	PAIRED	cDNA	BCCAGSC	3.677465969065	4
SRR1791008	NCI_TARGET	sra,run.zq,fastq	Primary Blood Derived Cancer - Peripheral Blood	10869561773	TARGET: Acute Lymphoblastic Leukemia (ALL) Expansion Phase 2	ncbi,s3,gs	RNA	RNA-Seq	SRP011999	PRJNA89529	SAMN02385960	PAIRED	cDNA	BCCAGSC	3.688335530838	4
SRR1791009	NCI_TARGET	sra,fastq,run.zq	Primary Blood Derived Cancer - Bone Marrow	6819315895	TARGET: Acute Lymphoblastic Leukemia (ALL) Expansion Phase 2	ncbi,s3,gs	RNA	RNA-Seq	SRP011999	PRJNA89529	SAMN02723979	PAIRED	cDNA	BCCAGSC	3.695154846733	4
SRR1791010	NCI_TARGET	fastq,sra,run.zq	Recurrent Blood Derived Cancer - Bone Marrow	11410857375	TARGET: Acute Lymphoblastic Leukemia (ALL) Expansion Phase 2	s3,gs,ncbi	RNA	RNA-Seq	SRP011999	PRJNA89529	SAMN02385923	PAIRED	cDNA	BCCAGSC	3.706565704108	4
SRR1791011	NCI_TARGET	run.zq,sra,fastq	Primary Blood Derived Cancer - Bone Marrow	8436384936	TARGET: Acute Lymphoblastic Leukemia (ALL) Expansion Phase 2	ncbi,s3,gs	RNA	RNA-Seq	SRP011999	PRJNA89529	SAMN02386142	PAIRED	cDNA	BCCAGSC	3.715002089044	4
SRR1791012	NCI_TARGET	fastq,sra,run.zq	Primary Blood Derived Cancer - Bone Marrow	11042695346	TARGET: Acute Lymphoblastic Leukemia (ALL) Expansion Phase 2	ncbi,s3,gs	RNA	RNA-Seq	SRP011999	PRJNA89529	SAMN02722920	PAIRED	cDNA	BCCAGSC	3.72604478439	4
SRR1791013	NCI_TARGET	run.zq,fastq,sra	Primary Blood Derived Cancer - Bone Marrow	8223960437	TARGET: Acute Lymphoblastic Leukemia (ALL) Expansion Phase 2	s3,ncbi,gs	RNA	RNA-Seq	SRP011999	PRJNA89529	SAMN02386077	PAIRED	cDNA	BCCAGSC	3.734268744827	4
SRR1791014	NCI_TARGET	run.zq,fastq,sra	Primary Blood Derived Cancer - Peripheral Blood	6055660290	TARGET: Acute Lymphoblastic Leukemia (ALL) Expansion Phase 2	gs,s3,ncbi	RNA	RNA-Seq	SRP011999	PRJNA89529	SAMN02723280	PAIRED	cDNA	BCCAGSC	3.740324405117	4
SRR1791015	NCI_TARGET	fastq,sra,run.zq	Recurrent Blood Derived Cancer - Bone Marrow	8041315825	TARGET: Acute Lymphoblastic Leukemia (ALL) Expansion Phase 2	s3,gs,ncbi	RNA	RNA-Seq	SRP011999	PRJNA89529	SAMN02385918	PAIRED	cDNA	BCCAGSC	3.748365720942	4
SRR1791017	NCI_TARGET	sra,run.zq,fastq	Primary Blood Derived Cancer - Bone Marrow	15316604196	TARGET: Acute Lymphoblastic Leukemia (ALL) Expansion Phase 2	s3,ncbi,gs	RNA	RNA-Seq	SRP011999	PRJNA89529	SAMN02386143	PAIRED	cDNA	BCCAGSC	3.763682325138	4
SRR1791018	NCI_TARGET	run.zq,sra,fastq	Primary Blood Derived Cancer - Bone Marrow	8470243710	TARGET: Acute Lymphoblastic Leukemia (ALL) Expansion Phase 2	ncbi,s3,gs	RNA	RNA-Seq	SRP011999	PRJNA89529	SAMN02385902	PAIRED	cDNA	BCCAGSC	3.772152568848	4
SRR1791019	NCI_TARGET	sra,fastq,run.zq	Primary Blood Derived Cancer - Bone Marrow	17464354639	TARGET: Acute Lymphoblastic Leukemia (ALL) Expansion Phase 2	gs,s3,ncbi	RNA	RNA-Seq	SRP011999	PRJNA89529	SAMN02385942	PAIRED	cDNA	BCCAGSC	3.789616923487	4
SRR1791020	NCI_TARGET	fastq,run.zq,sra	Primary Blood Derived Cancer - Peripheral Blood	14147342197	TARGET: Acute Lymphoblastic Leukemia (ALL) Expansion Phase 2	ncbi,gs,s3	RNA	RNA-Seq	SRP011999	PRJNA89529	SAMN02385978	PAIRED	cDNA	BCCAGSC	3.803764265684	4
SRR1791021	NCI_TARGET	fastq,sra,run.zq	Primary Blood Derived Cancer - Bone Marrow	9744537995	TARGET: Acute Lymphoblastic Leukemia (ALL) Expansion Phase 2	gs,ncbi,s3	RNA	RNA-Seq	SRP011999	PRJNA89529	SAMN02386017	PAIRED	cDNA	BCCAGSC	3.813508803679	4
SRR1791022	NCI_TARGET	fastq,run.zq,sra	Primary Blood Derived Cancer - Bone Marrow	7888768060	TARGET: Acute Lymphoblastic Leukemia (ALL) Expansion Phase 2	ncbi,s3,gs	RNA	RNA-Seq	SRP011999	PRJNA89529	SAMN02386018	PAIRED	cDNA	BCCAGSC	3.821397571739	4
SRR1791023	NCI_TARGET	run.zq,sra,fastq	Recurrent Blood Derived Cancer - Bone Marrow	10896940704	TARGET: Acute Lymphoblastic Leukemia (ALL) Expansion Phase 2	s3,gs,ncbi	RNA	RNA-Seq	SRP011999	PRJNA89529	SAMN02386030	PAIRED	cDNA	BCCAGSC	3.832294512443	4
SRR1791024	NCI_TARGET	sra,fastq,run.zq	Recurrent Blood Derived Cancer - Bone Marrow	10688755073	TARGET: Acute Lymphoblastic Leukemia (ALL) Expansion Phase 2	gs,ncbi,s3	RNA	RNA-Seq	SRP011999	PRJNA89529	SAMN02723532	PAIRED	cDNA	BCCAGSC	3.842983267516	4
SRR1791025	NCI_TARGET	fastq,run.zq,sra	Primary Blood Derived Cancer - Bone Marrow	9567343810	TARGET: Acute Lymphoblastic Leukemia (ALL) Expansion Phase 2	gs,s3,ncbi	RNA	RNA-Seq	SRP011999	PRJNA89529	SAMN02724028	PAIRED	cDNA	BCCAGSC	3.852550611326	4
SRR1791026	NCI_TARGET	run.zq,sra,fastq	Primary Blood Derived Cancer - Bone Marrow	11596959073	TARGET: Acute Lymphoblastic Leukemia (ALL) Expansion Phase 2	s3,gs,ncbi	RNA	RNA-Seq	SRP011999	PRJNA89529	SAMN02386051	PAIRED	cDNA	BCCAGSC	3.864147570399	4
SRR1791027	NCI_TARGET	run.zq,fastq,sra	Primary Blood Derived Cancer - Bone Marrow	15369883155	TARGET: Acute Lymphoblastic Leukemia (ALL) Expansion Phase 2	s3,ncbi,gs	RNA	RNA-Seq	SRP011999	PRJNA89529	SAMN02386105	PAIRED	cDNA	BCCAGSC	3.879517453554	4
SRR1791029	NCI_TARGET	fastq,run.zq,sra	Recurrent Blood Derived Cancer - Bone Marrow	6218036596	TARGET: Acute Lymphoblastic Leukemia (ALL) Expansion Phase 2	ncbi,s3,gs	RNA	RNA-Seq	SRP011999	PRJNA89529	SAMN02722741	PAIRED	cDNA	BCCAGSC	3.88573549015	4
SRR1791030	NCI_TARGET	fastq,run.zq,sra	Primary Blood Derived Cancer - Bone Marrow	8248354626	TARGET: Acute Lymphoblastic Leukemia (ALL) Expansion Phase 2	s3,gs,ncbi	RNA	RNA-Seq	SRP011999	PRJNA89529	SAMN02385925	PAIRED	cDNA	BCCAGSC	3.893983844776	4
SRR1791031	NCI_TARGET	sra,fastq,run.zq	Primary Blood Derived Cancer - Bone Marrow	11870463671	TARGET: Acute Lymphoblastic Leukemia (ALL) Expansion Phase 2	s3,ncbi,gs	RNA	RNA-Seq	SRP011999	PRJNA89529	SAMN02385781	PAIRED	cDNA	BCCAGSC	3.905854308447	4
SRR1791032	NCI_TARGET	sra,fastq,run.zq	Recurrent Blood Derived Cancer - Bone Marrow	7726087863	TARGET: Acute Lymphoblastic Leukemia (ALL) Expansion Phase 2	gs,ncbi,s3	RNA	RNA-Seq	SRP011999	PRJNA89529	SAMN02723102	PAIRED	cDNA	BCCAGSC	3.91358039631	4
SRR1791033	NCI_TARGET	fastq,run.zq,sra	Primary Blood Derived Cancer - Bone Marrow	13146346625	TARGET: Acute Lymphoblastic Leukemia (ALL) Expansion Phase 2	s3,ncbi,gs	RNA	RNA-Seq	SRP011999	PRJNA89529	SAMN02386048	PAIRED	cDNA	BCCAGSC	3.926726742935	4
SRR1791034	NCI_TARGET	fastq,run.zq,sra	Primary Blood Derived Cancer - Bone Marrow	11953334945	TARGET: Acute Lymphoblastic Leukemia (ALL) Expansion Phase 2	s3,ncbi,gs	RNA	RNA-Seq	SRP011999	PRJNA89529	SAMN02385859	PAIRED	cDNA	BCCAGSC	3.93868007788	4
SRR1791035	NCI_TARGET	fastq,sra,run.zq	Primary Blood Derived Cancer - Peripheral Blood	9772457258	TARGET: Acute Lymphoblastic Leukemia (ALL) Expansion Phase 2	s3,ncbi,gs	RNA	RNA-Seq	SRP011999	PRJNA89529	SAMN02724373	PAIRED	cDNA	BCCAGSC	3.948452535138	4
SRR1791036	NCI_TARGET	fastq,sra,run.zq	Primary Blood Derived Cancer - Bone Marrow	11464643063	TARGET: Acute Lymphoblastic Leukemia (ALL) Expansion Phase 2	s3,ncbi,gs	RNA	RNA-Seq	SRP011999	PRJNA89529	SAMN02386112	PAIRED	cDNA	BCCAGSC	3.959917178201	4
SRR1791037	NCI_TARGET	sra,run.zq,fastq	Primary Blood Derived Cancer - Peripheral Blood	11021734589	TARGET: Acute Lymphoblastic Leukemia (ALL) Expansion Phase 2	ncbi,gs,s3	RNA	RNA-Seq	SRP011999	PRJNA89529	SAMN02386072	PAIRED	cDNA	BCCAGSC	3.97093891279	4
SRR1791038	NCI_TARGET	run.zq,fastq,sra	Primary Blood Derived Cancer - Bone Marrow	9589857294	TARGET: Acute Lymphoblastic Leukemia (ALL) Expansion Phase 2	s3,ncbi,gs	RNA	RNA-Seq	SRP011999	PRJNA89529	SAMN02386012	PAIRED	cDNA	BCCAGSC	3.980528770084	4
SRR1791039	NCI_TARGET	run.zq,sra,fastq	Primary Blood Derived Cancer - Bone Marrow	16209351484	TARGET: Acute Lymphoblastic Leukemia (ALL) Expansion Phase 2	s3,ncbi,gs	RNA	RNA-Seq	SRP011999	PRJNA89529	SAMN02385829	PAIRED	cDNA	BCCAGSC	3.996738121568	4
SRR1791040	NCI_TARGET	sra,fastq,run.zq	Recurrent Blood Derived Cancer - Bone Marrow	8753618069	TARGET: Acute Lymphoblastic Leukemia (ALL) Expansion Phase 2	s3,gs,ncbi	RNA	RNA-Seq	SRP011999	PRJNA89529	SAMN02723992	PAIRED	cDNA	BCCAGSC	4.005491739637	4
SRR1791041	NCI_TARGET	run.zq,fastq,sra	Primary Blood Derived Cancer - Peripheral Blood	14262025843	TARGET: Acute Lymphoblastic Leukemia (ALL) Expansion Phase 2	gs,s3,ncbi	RNA	RNA-Seq	SRP011999	PRJNA89529	SAMN02385977	PAIRED	cDNA	BCCAGSC	4.01975376548	4
SRR1791042	NCI_TARGET	run.zq,fastq,sra	Recurrent Blood Derived Cancer - Bone Marrow	14352722417	TARGET: Acute Lymphoblastic Leukemia (ALL) Expansion Phase 2	s3,ncbi,gs	RNA	RNA-Seq	SRP011999	PRJNA89529	SAMN02385789	PAIRED	cDNA	BCCAGSC	4.034106487897	4
SRR1791043	NCI_TARGET	sra,fastq,run.zq	Primary Blood Derived Cancer - Bone Marrow	7102580632	TARGET: Acute Lymphoblastic Leukemia (ALL) Expansion Phase 2	ncbi,s3,gs	RNA	RNA-Seq	SRP011999	PRJNA89529	SAMN02386096	PAIRED	cDNA	BCCAGSC	4.041209068529	4
SRR1791044	NCI_TARGET	run.zq,fastq,sra	Primary Blood Derived Cancer - Bone Marrow	13611545494	TARGET: Acute Lymphoblastic Leukemia (ALL) Expansion Phase 2	gs,s3,ncbi	RNA	RNA-Seq	SRP011999	PRJNA89529	SAMN02385966	PAIRED	cDNA	BCCAGSC	4.054820614023	4
SRR1791045	NCI_TARGET	run.zq,sra,fastq	Recurrent Blood Derived Cancer - Bone Marrow	5060598034	TARGET: Acute Lymphoblastic Leukemia (ALL) Expansion Phase 2	gs,s3,ncbi	RNA	RNA-Seq	SRP011999	PRJNA89529	SAMN02385897	PAIRED	cDNA	BCCAGSC	4.059881212057	4
SRR1791046	NCI_TARGET	fastq,run.zq,sra	Primary Blood Derived Cancer - Bone Marrow	14375899967	TARGET: Acute Lymphoblastic Leukemia (ALL) Expansion Phase 2	gs,s3,ncbi	RNA	RNA-Seq	SRP011999	PRJNA89529	SAMN02386146	PAIRED	cDNA	BCCAGSC	4.074257112024	4
SRR1791047	NCI_TARGET	run.zq,sra,fastq	Recurrent Blood Derived Cancer - Bone Marrow	7724636817	TARGET: Acute Lymphoblastic Leukemia (ALL) Expansion Phase 2	ncbi,gs,s3	RNA	RNA-Seq	SRP011999	PRJNA89529	SAMN02386104	PAIRED	cDNA	BCCAGSC	4.081981748841	4
SRR1791048	NCI_TARGET	run.zq,sra,fastq	Primary Blood Derived Cancer - Bone Marrow	14825576719	TARGET: Acute Lymphoblastic Leukemia (ALL) Expansion Phase 2	gs,s3,ncbi	RNA	RNA-Seq	SRP011999	PRJNA89529	SAMN02385871	PAIRED	cDNA	BCCAGSC	4.09680732556	4
SRR1791049	NCI_TARGET	run.zq,sra,fastq	Primary Blood Derived Cancer - Bone Marrow	9969081019	TARGET: Acute Lymphoblastic Leukemia (ALL) Expansion Phase 2	ncbi,s3,gs	RNA	RNA-Seq	SRP011999	PRJNA89529	SAMN02385984	PAIRED	cDNA	BCCAGSC	4.106776406579	4
SRR1791050	NCI_TARGET	run.zq,fastq,sra	Recurrent Blood Derived Cancer - Bone Marrow	9919527030	TARGET: Acute Lymphoblastic Leukemia (ALL) Expansion Phase 2	s3,gs,ncbi	RNA	RNA-Seq	SRP011999	PRJNA89529	SAMN02385834	PAIRED	cDNA	BCCAGSC	4.116695933609	4
SRR1791051	NCI_TARGET	sra,fastq,run.zq	Primary Blood Derived Cancer - Peripheral Blood	16546386887	TARGET: Acute Lymphoblastic Leukemia (ALL) Expansion Phase 2	gs,s3,ncbi	RNA	RNA-Seq	SRP011999	PRJNA89529	SAMN02386111	PAIRED	cDNA	BCCAGSC	4.133242320496	4
SRR1791052	NCI_TARGET	fastq,run.zq,sra	Primary Blood Derived Cancer - Bone Marrow	4795629578	TARGET: Acute Lymphoblastic Leukemia (ALL) Expansion Phase 2	s3,gs,ncbi	RNA	RNA-Seq	SRP011999	PRJNA89529	SAMN02385922	PAIRED	cDNA	BCCAGSC	4.138037950074	4
SRR1791053	NCI_TARGET	run.zq,sra,fastq	Primary Blood Derived Cancer - Bone Marrow	14653447516	TARGET: Acute Lymphoblastic Leukemia (ALL) Expansion Phase 2	gs,ncbi,s3	RNA	RNA-Seq	SRP011999	PRJNA89529	SAMN02385776	PAIRED	cDNA	BCCAGSC	4.15269139759	4
SRR1791054	NCI_TARGET	run.zq,sra,fastq	Primary Blood Derived Cancer - Bone Marrow	9028080020	TARGET: Acute Lymphoblastic Leukemia (ALL) Expansion Phase 2	ncbi,s3,gs	RNA	RNA-Seq	SRP011999	PRJNA89529	SAMN02385849	PAIRED	cDNA	BCCAGSC	4.16171947761	4
SRR1791055	NCI_TARGET	run.zq,fastq,sra	Primary Blood Derived Cancer - Bone Marrow	8394371012	TARGET: Acute Lymphoblastic Leukemia (ALL) Expansion Phase 2	s3,gs,ncbi	RNA	RNA-Seq	SRP011999	PRJNA89529	SAMN02385837	PAIRED	cDNA	BCCAGSC	4.170113848622	4
SRR1791056	NCI_TARGET	sra,run.zq,fastq	Primary Blood Derived Cancer - Bone Marrow	12731634932	TARGET: Acute Lymphoblastic Leukemia (ALL) Expansion Phase 2	s3,gs,ncbi	RNA	RNA-Seq	SRP011999	PRJNA89529	SAMN02386082	PAIRED	cDNA	BCCAGSC	4.182845483554	4
SRR1791057	NCI_TARGET	fastq,sra,run.zq	Recurrent Blood Derived Cancer - Bone Marrow	14874399509	TARGET: Acute Lymphoblastic Leukemia (ALL) Expansion Phase 2	ncbi,s3,gs	RNA	RNA-Seq	SRP011999	PRJNA89529	SAMN02385920	PAIRED	cDNA	BCCAGSC	4.197719883063	4
SRR1791058	NCI_TARGET	fastq,sra,run.zq	Recurrent Blood Derived Cancer - Bone Marrow	11427523874	TARGET: Acute Lymphoblastic Leukemia (ALL) Expansion Phase 2	gs,s3,ncbi	RNA	RNA-Seq	SRP011999	PRJNA89529	SAMN02385911	PAIRED	cDNA	BCCAGSC	4.209147406937	4
SRR1791059	NCI_TARGET	fastq,run.zq,sra	Primary Blood Derived Cancer - Bone Marrow	12408184272	TARGET: Acute Lymphoblastic Leukemia (ALL) Expansion Phase 2	gs,s3,ncbi	RNA	RNA-Seq	SRP011999	PRJNA89529	SAMN02385931	PAIRED	cDNA	BCCAGSC	4.221555591209	4
SRR1791060	NCI_TARGET	sra,fastq,run.zq	Primary Blood Derived Cancer - Peripheral Blood	12445022985	TARGET: Acute Lymphoblastic Leukemia (ALL) Expansion Phase 2	s3,gs,ncbi	RNA	RNA-Seq	SRP011999	PRJNA89529	SAMN02385805	PAIRED	cDNA	BCCAGSC	4.234000614194	4
SRR1791061	NCI_TARGET	fastq,run.zq,sra	Primary Blood Derived Cancer - Bone Marrow	15881126419	TARGET: Acute Lymphoblastic Leukemia (ALL) Expansion Phase 2	s3,gs,ncbi	RNA	RNA-Seq	SRP011999	PRJNA89529	SAMN02723264	PAIRED	cDNA	BCCAGSC	4.249881740613	4
SRR1791062	NCI_TARGET	sra,fastq,run.zq	Primary Blood Derived Cancer - Bone Marrow	11877485442	TARGET: Acute Lymphoblastic Leukemia (ALL) Expansion Phase 2	gs,ncbi,s3	RNA	RNA-Seq	SRP011999	PRJNA89529	SAMN02385890	PAIRED	cDNA	BCCAGSC	4.261759226055	4
SRR1791063	NCI_TARGET	run.zq,sra,fastq	Primary Blood Derived Cancer - Bone Marrow	4691304834	TARGET: Acute Lymphoblastic Leukemia (ALL) Expansion Phase 2	ncbi,gs,s3	RNA	RNA-Seq	SRP011999	PRJNA89529	SAMN02385985	PAIRED	cDNA	BCCAGSC	4.266450530889	4
SRR1791064	NCI_TARGET	sra,fastq,run.zq	Recurrent Blood Derived Cancer - Bone Marrow	11320514266	TARGET: Acute Lymphoblastic Leukemia (ALL) Expansion Phase 2	s3,ncbi,gs	RNA	RNA-Seq	SRP011999	PRJNA89529	SAMN02386047	PAIRED	cDNA	BCCAGSC	4.277771045155	4
SRR1791065	NCI_TARGET	run.zq,sra,fastq	Primary Blood Derived Cancer - Bone Marrow	7995670645	TARGET: Acute Lymphoblastic Leukemia (ALL) Expansion Phase 2	ncbi,s3,gs	RNA	RNA-Seq	SRP011999	PRJNA89529	SAMN02385788	PAIRED	cDNA	BCCAGSC	4.2857667158	4
SRR1791066	NCI_TARGET	fastq,sra,run.zq	Primary Blood Derived Cancer - Bone Marrow	7689024182	TARGET: Acute Lymphoblastic Leukemia (ALL) Expansion Phase 2	ncbi,s3,gs	RNA	RNA-Seq	SRP011999	PRJNA89529	SAMN02386125	PAIRED	cDNA	BCCAGSC	4.293455739982	4
SRR1791067	NCI_TARGET	fastq,run.zq,sra	Primary Blood Derived Cancer - Bone Marrow	10624399532	TARGET: Acute Lymphoblastic Leukemia (ALL) Expansion Phase 2	gs,s3,ncbi	RNA	RNA-Seq	SRP011999	PRJNA89529	SAMN02386074	PAIRED	cDNA	BCCAGSC	4.304080139514	4
SRR1791068	NCI_TARGET	sra,fastq,run.zq	Recurrent Blood Derived Cancer - Bone Marrow	13222534628	TARGET: Acute Lymphoblastic Leukemia (ALL) Expansion Phase 2	s3,gs,ncbi	RNA	RNA-Seq	SRP011999	PRJNA89529	SAMN02385896	PAIRED	cDNA	BCCAGSC	4.317302674142	4
SRR1791069	NCI_TARGET	run.zq,fastq,sra	Primary Blood Derived Cancer - Peripheral Blood	5552224804	TARGET: Acute Lymphoblastic Leukemia (ALL) Expansion Phase 2	gs,ncbi,s3	RNA	RNA-Seq	SRP011999	PRJNA89529	SAMN02385914	PAIRED	cDNA	BCCAGSC	4.322854898946	4
SRR1791070	NCI_TARGET	run.zq,sra,fastq	Recurrent Blood Derived Cancer - Bone Marrow	9178958859	TARGET: Acute Lymphoblastic Leukemia (ALL) Expansion Phase 2	ncbi,gs,s3	RNA	RNA-Seq	SRP011999	PRJNA89529	SAMN02386022	PAIRED	cDNA	BCCAGSC	4.332033857805	4
SRR1791071	NCI_TARGET	fastq,sra,run.zq	Primary Blood Derived Cancer - Bone Marrow	8848168911	TARGET: Acute Lymphoblastic Leukemia (ALL) Expansion Phase 2	gs,ncbi,s3	RNA	RNA-Seq	SRP011999	PRJNA89529	SAMN02385815	PAIRED	cDNA	BCCAGSC	4.340882026716	4
SRR1791072	NCI_TARGET	fastq,sra,run.zq	Primary Blood Derived Cancer - Peripheral Blood	6942471307	TARGET: Acute Lymphoblastic Leukemia (ALL) Expansion Phase 2	gs,s3,ncbi	RNA	RNA-Seq	SRP011999	PRJNA89529	SAMN02723328	PAIRED	cDNA	BCCAGSC	4.347824498023	4
SRR1791073	NCI_TARGET	fastq,run.zq,sra	Primary Blood Derived Cancer - Bone Marrow	9239045753	TARGET: Acute Lymphoblastic Leukemia (ALL) Expansion Phase 2	ncbi,gs,s3	RNA	RNA-Seq	SRP011999	PRJNA89529	SAMN02385973	PAIRED	cDNA	BCCAGSC	4.357063543776	4
SRR1791074	NCI_TARGET	run.zq,fastq,sra	Primary Blood Derived Cancer - Bone Marrow	7367532956	TARGET: Acute Lymphoblastic Leukemia (ALL) Expansion Phase 2	ncbi,gs,s3	RNA	RNA-Seq	SRP011999	PRJNA89529	SAMN02385838	PAIRED	cDNA	BCCAGSC	4.364431076732	4
SRR1791075	NCI_TARGET	run.zq,sra,fastq	Primary Blood Derived Cancer - Bone Marrow	12854584059	TARGET: Acute Lymphoblastic Leukemia (ALL) Expansion Phase 2	gs,s3,ncbi	RNA	RNA-Seq	SRP011999	PRJNA89529	SAMN02385962	PAIRED	cDNA	BCCAGSC	4.377285660791	4
SRR1791076	NCI_TARGET	sra,run.zq,fastq	Primary Blood Derived Cancer - Bone Marrow	2354152848	TARGET: Acute Lymphoblastic Leukemia (ALL) Expansion Phase 2	ncbi,s3,gs	RNA	RNA-Seq	SRP011999	PRJNA89529	SAMN02386138	PAIRED	cDNA	BCCAGSC	4.379639813639	4
SRR1791077	NCI_TARGET	run.zq,fastq,sra	Primary Blood Derived Cancer - Bone Marrow	7054410250	TARGET: Acute Lymphoblastic Leukemia (ALL) Expansion Phase 2	gs,ncbi,s3	RNA	RNA-Seq	SRP011999	PRJNA89529	SAMN02723855	PAIRED	cDNA	BCCAGSC	4.386694223889	4
SRR1791078	NCI_TARGET	fastq,sra,run.zq	Primary Blood Derived Cancer - Bone Marrow	10196579042	TARGET: Acute Lymphoblastic Leukemia (ALL) Expansion Phase 2	s3,ncbi,gs	RNA	RNA-Seq	SRP011999	PRJNA89529	SAMN02385839	PAIRED	cDNA	BCCAGSC	4.396890802931	4
SRR1791079	NCI_TARGET	sra,run.zq,fastq	Primary Blood Derived Cancer - Bone Marrow	15559970266	TARGET: Acute Lymphoblastic Leukemia (ALL) Expansion Phase 2	gs,s3,ncbi	RNA	RNA-Seq	SRP011999	PRJNA89529	SAMN02385943	PAIRED	cDNA	BCCAGSC	4.412450773197	4
SRR1791080	NCI_TARGET	run.zq,sra,fastq	Primary Blood Derived Cancer - Peripheral Blood	6943305004	TARGET: Acute Lymphoblastic Leukemia (ALL) Expansion Phase 2	gs,s3,ncbi	RNA	RNA-Seq	SRP011999	PRJNA89529	SAMN02722943	PAIRED	cDNA	BCCAGSC	4.419394078201	4
SRR1791081	NCI_TARGET	sra,run.zq,fastq	Primary Blood Derived Cancer - Bone Marrow	8951413495	TARGET: Acute Lymphoblastic Leukemia (ALL) Expansion Phase 2	ncbi,gs,s3	RNA	RNA-Seq	SRP011999	PRJNA89529	SAMN02385787	PAIRED	cDNA	BCCAGSC	4.428345491696	4
SRR1791082	NCI_TARGET	sra,run.zq,fastq	Primary Blood Derived Cancer - Bone Marrow	10329243146	TARGET: Acute Lymphoblastic Leukemia (ALL) Expansion Phase 2	s3,gs,ncbi	RNA	RNA-Seq	SRP011999	PRJNA89529	SAMN02723879	PAIRED	cDNA	BCCAGSC	4.438674734842	4
SRR1791083	NCI_TARGET	fastq,run.zq,sra	Primary Blood Derived Cancer - Bone Marrow	9930812469	TARGET: Acute Lymphoblastic Leukemia (ALL) Expansion Phase 2	gs,s3,ncbi	RNA	RNA-Seq	SRP011999	PRJNA89529	SAMN02386070	PAIRED	cDNA	BCCAGSC	4.448605547311	4
SRR1791084	NCI_TARGET	run.zq,fastq,sra	Primary Blood Derived Cancer - Bone Marrow	8223993329	TARGET: Acute Lymphoblastic Leukemia (ALL) Expansion Phase 2	s3,ncbi,gs	RNA	RNA-Seq	SRP011999	PRJNA89529	SAMN02385936	PAIRED	cDNA	BCCAGSC	4.45682954064	4
SRR1791085	NCI_TARGET	run.zq,sra,fastq	Primary Blood Derived Cancer - Peripheral Blood	10022028481	TARGET: Acute Lymphoblastic Leukemia (ALL) Expansion Phase 2	s3,ncbi,gs	RNA	RNA-Seq	SRP011999	PRJNA89529	SAMN02385802	PAIRED	cDNA	BCCAGSC	4.466851569121	4
SRR1791086	NCI_TARGET	run.zq,sra,fastq	Recurrent Blood Derived Cancer - Bone Marrow	9667675205	TARGET: Acute Lymphoblastic Leukemia (ALL) Expansion Phase 2	ncbi,s3,gs	RNA	RNA-Seq	SRP011999	PRJNA89529	SAMN02386060	PAIRED	cDNA	BCCAGSC	4.476519244326	4
SRR1791087	NCI_TARGET	fastq,sra,run.zq	Primary Blood Derived Cancer - Bone Marrow	10852974713	TARGET: Acute Lymphoblastic Leukemia (ALL) Expansion Phase 2	ncbi,gs,s3	RNA	RNA-Seq	SRP011999	PRJNA89529	SAMN02723415	PAIRED	cDNA	BCCAGSC	4.487372219039	4
SRR1791088	NCI_TARGET	run.zq,fastq,sra	Primary Blood Derived Cancer - Peripheral Blood	10007064755	TARGET: Acute Lymphoblastic Leukemia (ALL) Expansion Phase 2	s3,gs,ncbi	RNA	RNA-Seq	SRP011999	PRJNA89529	SAMN02386119	PAIRED	cDNA	BCCAGSC	4.497379283794	4
SRR1791089	NCI_TARGET	run.zq,fastq,sra	Recurrent Blood Derived Cancer - Bone Marrow	10538162487	TARGET: Acute Lymphoblastic Leukemia (ALL) Expansion Phase 2	s3,gs,ncbi	RNA	RNA-Seq	SRP011999	PRJNA89529	SAMN02385823	PAIRED	cDNA	BCCAGSC	4.507917446281	4
SRR1791090	NCI_TARGET	sra,fastq,run.zq	Primary Blood Derived Cancer - Peripheral Blood	8209522140	TARGET: Acute Lymphoblastic Leukemia (ALL) Expansion Phase 2	s3,gs,ncbi	RNA	RNA-Seq	SRP011999	PRJNA89529	SAMN02385975	PAIRED	cDNA	BCCAGSC	4.516126968421	4
SRR1791091	NCI_TARGET	sra,fastq,run.zq	Primary Blood Derived Cancer - Peripheral Blood	9716800944	TARGET: Acute Lymphoblastic Leukemia (ALL) Expansion Phase 2	s3,gs,ncbi	RNA	RNA-Seq	SRP011999	PRJNA89529	SAMN02723009	PAIRED	cDNA	BCCAGSC	4.525843769365	4
SRR1791092	NCI_TARGET	fastq,sra,run.zq	Primary Blood Derived Cancer - Bone Marrow	11892714170	TARGET: Acute Lymphoblastic Leukemia (ALL) Expansion Phase 2	s3,gs,ncbi	RNA	RNA-Seq	SRP011999	PRJNA89529	SAMN02386065	PAIRED	cDNA	BCCAGSC	4.537736483535	4
SRR1791093	NCI_TARGET	fastq,run.zq,sra	Primary Blood Derived Cancer - Bone Marrow	12328505828	TARGET: Acute Lymphoblastic Leukemia (ALL) Expansion Phase 2	s3,gs,ncbi	RNA	RNA-Seq	SRP011999	PRJNA89529	SAMN02386033	PAIRED	cDNA	BCCAGSC	4.550064989363	4
SRR1791094	NCI_TARGET	fastq,run.zq,sra	Recurrent Blood Derived Cancer - Bone Marrow	11439573742	TARGET: Acute Lymphoblastic Leukemia (ALL) Expansion Phase 2	ncbi,s3,gs	RNA	RNA-Seq	SRP011999	PRJNA89529	SAMN02385938	PAIRED	cDNA	BCCAGSC	4.561504563105	4
SRR1791095	NCI_TARGET	fastq,run.zq,sra	Primary Blood Derived Cancer - Bone Marrow	14103120270	TARGET: Acute Lymphoblastic Leukemia (ALL) Expansion Phase 2	ncbi,gs,s3	RNA	RNA-Seq	SRP011999	PRJNA89529	SAMN02385872	PAIRED	cDNA	BCCAGSC	4.575607683375	4
SRR1791096	NCI_TARGET	run.zq,sra,fastq	Primary Blood Derived Cancer - Bone Marrow	18072254936	TARGET: Acute Lymphoblastic Leukemia (ALL) Expansion Phase 2	gs,ncbi,s3	RNA	RNA-Seq	SRP011999	PRJNA89529	SAMN02385777	PAIRED	cDNA	BCCAGSC	4.593679938311	4
SRR1791097	NCI_TARGET	run.zq,fastq,sra	Recurrent Blood Derived Cancer - Bone Marrow	11430119643	TARGET: Acute Lymphoblastic Leukemia (ALL) Expansion Phase 2	ncbi,gs,s3	RNA	RNA-Seq	SRP011999	PRJNA89529	SAMN02385782	PAIRED	cDNA	BCCAGSC	4.605110057954	4
SRR1791098	NCI_TARGET	fastq,sra,run.zq	Recurrent Blood Derived Cancer - Bone Marrow	11328133209	TARGET: Acute Lymphoblastic Leukemia (ALL) Expansion Phase 2	ncbi,s3,gs	RNA	RNA-Seq	SRP011999	PRJNA89529	SAMN02385885	PAIRED	cDNA	BCCAGSC	4.616438191163	4
SRR1791099	NCI_TARGET	fastq,sra,run.zq	Primary Blood Derived Cancer - Bone Marrow	9806398938	TARGET: Acute Lymphoblastic Leukemia (ALL) Expansion Phase 2	s3,gs,ncbi	RNA	RNA-Seq	SRP011999	PRJNA89529	SAMN02385892	PAIRED	cDNA	BCCAGSC	4.626244590101	4
SRR1791100	NCI_TARGET	sra,run.zq,fastq	Primary Blood Derived Cancer - Bone Marrow	9163366099	TARGET: Acute Lymphoblastic Leukemia (ALL) Expansion Phase 2	gs,ncbi,s3	RNA	RNA-Seq	SRP011999	PRJNA89529	SAMN02385887	PAIRED	cDNA	BCCAGSC	4.6354079562	4
SRR1791101	NCI_TARGET	run.zq,sra,fastq	Primary Blood Derived Cancer - Peripheral Blood	6315256411	TARGET: Acute Lymphoblastic Leukemia (ALL) Expansion Phase 2	ncbi,s3,gs	RNA	RNA-Seq	SRP011999	PRJNA89529	SAMN02385912	PAIRED	cDNA	BCCAGSC	4.641723212611	4
SRR1791102	NCI_TARGET	run.zq,sra,fastq	Recurrent Blood Derived Cancer - Bone Marrow	11245108700	TARGET: Acute Lymphoblastic Leukemia (ALL) Expansion Phase 2	gs,s3,ncbi	RNA	RNA-Seq	SRP011999	PRJNA89529	SAMN02723412	PAIRED	cDNA	BCCAGSC	4.652968321311	4
SRR1791103	NCI_TARGET	fastq,sra,run.zq	Primary Blood Derived Cancer - Bone Marrow	10257666296	TARGET: Acute Lymphoblastic Leukemia (ALL) Expansion Phase 2	s3,gs,ncbi	RNA	RNA-Seq	SRP011999	PRJNA89529	SAMN02385745	PAIRED	cDNA	BCCAGSC	4.663225987607	4
SRR1791104	NCI_TARGET	fastq,run.zq,sra	Primary Blood Derived Cancer - Bone Marrow	8926450629	TARGET: Acute Lymphoblastic Leukemia (ALL) Expansion Phase 2	s3,ncbi,gs	RNA	RNA-Seq	SRP011999	PRJNA89529	SAMN02386151	PAIRED	cDNA	BCCAGSC	4.672152438236	4
SRR1791105	NCI_TARGET	sra,run.zq,fastq	Recurrent Blood Derived Cancer - Bone Marrow	7370750625	TARGET: Acute Lymphoblastic Leukemia (ALL) Expansion Phase 2	ncbi,gs,s3	RNA	RNA-Seq	SRP011999	PRJNA89529	SAMN02724006	PAIRED	cDNA	BCCAGSC	4.679523188861	4
SRR1791106	NCI_TARGET	run.zq,fastq,sra	Recurrent Blood Derived Cancer - Bone Marrow	7275078179	TARGET: Acute Lymphoblastic Leukemia (ALL) Expansion Phase 2	ncbi,gs,s3	RNA	RNA-Seq	SRP011999	PRJNA89529	SAMN02386057	PAIRED	cDNA	BCCAGSC	4.68679826704	4
SRR1791107	NCI_TARGET	fastq,run.zq,sra	Recurrent Blood Derived Cancer - Bone Marrow	3839049576	TARGET: Acute Lymphoblastic Leukemia (ALL) Expansion Phase 2	s3,gs,ncbi	RNA	RNA-Seq	SRP011999	PRJNA89529	SAMN02385778	PAIRED	cDNA	BCCAGSC	4.690637316616	4
SRR1791109	NCI_TARGET	run.zq,fastq,sra	Primary Blood Derived Cancer - Bone Marrow	10786565552	TARGET: Acute Lymphoblastic Leukemia (ALL) Expansion Phase 2	gs,ncbi,s3	RNA	RNA-Seq	SRP011999	PRJNA89529	SAMN02385774	PAIRED	cDNA	BCCAGSC	4.701423882168	4
SRR1791110	NCI_TARGET	run.zq,fastq,sra	Primary Blood Derived Cancer - Peripheral Blood	10857717110	TARGET: Acute Lymphoblastic Leukemia (ALL) Expansion Phase 2	s3,ncbi,gs	RNA	RNA-Seq	SRP011999	PRJNA89529	SAMN02723277	PAIRED	cDNA	BCCAGSC	4.712281599278	4
SRR1791111	NCI_TARGET	fastq,sra,run.zq	Primary Blood Derived Cancer - Bone Marrow	9414582252	TARGET: Acute Lymphoblastic Leukemia (ALL) Expansion Phase 2	gs,s3,ncbi	RNA	RNA-Seq	SRP011999	PRJNA89529	SAMN02386123	PAIRED	cDNA	BCCAGSC	4.72169618153	4
SRR1791112	NCI_TARGET	sra,fastq,run.zq	Primary Blood Derived Cancer - Bone Marrow	9378339880	TARGET: Acute Lymphoblastic Leukemia (ALL) Expansion Phase 2	gs,ncbi,s3	RNA	RNA-Seq	SRP011999	PRJNA89529	SAMN02385842	PAIRED	cDNA	BCCAGSC	4.73107452141	4
SRR1791113	NCI_TARGET	fastq,run.zq,sra	Primary Blood Derived Cancer - Bone Marrow	18801159999	TARGET: Acute Lymphoblastic Leukemia (ALL) Expansion Phase 2	ncbi,s3,gs	RNA	RNA-Seq	SRP011999	PRJNA89529	SAMN02386063	PAIRED	cDNA	BCCAGSC	4.749875681409	4
SRR1791114	NCI_TARGET	run.zq,sra,fastq	Primary Blood Derived Cancer - Peripheral Blood	12468865189	TARGET: Acute Lymphoblastic Leukemia (ALL) Expansion Phase 2	s3,gs,ncbi	RNA	RNA-Seq	SRP011999	PRJNA89529	SAMN02385794	PAIRED	cDNA	BCCAGSC	4.762344546598	4
SRR1791115	NCI_TARGET	sra,fastq,run.zq	Primary Blood Derived Cancer - Peripheral Blood	11398861335	TARGET: Acute Lymphoblastic Leukemia (ALL) Expansion Phase 2	ncbi,gs,s3	RNA	RNA-Seq	SRP011999	PRJNA89529	SAMN02385979	PAIRED	cDNA	BCCAGSC	4.773743407933	4
SRR1791116	NCI_TARGET	run.zq,fastq,sra	Primary Blood Derived Cancer - Bone Marrow	9038081247	TARGET: Acute Lymphoblastic Leukemia (ALL) Expansion Phase 2	gs,ncbi,s3	RNA	RNA-Seq	SRP011999	PRJNA89529	SAMN02385816	PAIRED	cDNA	BCCAGSC	4.78278148918	4
SRR1791117	NCI_TARGET	run.zq,fastq,sra	Primary Blood Derived Cancer - Peripheral Blood	9053965761	TARGET: Acute Lymphoblastic Leukemia (ALL) Expansion Phase 2	gs,s3,ncbi	RNA	RNA-Seq	SRP011999	PRJNA89529	SAMN02386075	PAIRED	cDNA	BCCAGSC	4.791835454941	4
SRR1791118	NCI_TARGET	sra,fastq,run.zq	Recurrent Blood Derived Cancer - Bone Marrow	9471461592	TARGET: Acute Lymphoblastic Leukemia (ALL) Expansion Phase 2	gs,ncbi,s3	RNA	RNA-Seq	SRP011999	PRJNA89529	SAMN02385847	PAIRED	cDNA	BCCAGSC	4.801306916533	5
SRR1791119	NCI_TARGET	fastq,run.zq,sra	Recurrent Blood Derived Cancer - Bone Marrow	12008044990	TARGET: Acute Lymphoblastic Leukemia (ALL) Expansion Phase 2	gs,ncbi,s3	RNA	RNA-Seq	SRP011999	PRJNA89529	SAMN02386136	PAIRED	cDNA	BCCAGSC	4.813314961523	5
SRR1791120	NCI_TARGET	fastq,sra,run.zq	Recurrent Blood Derived Cancer - Bone Marrow	17611513320	TARGET: Acute Myeloid Leukemia (AML)	gs,ncbi,s3	RNA	RNA-Seq	SRP012000	PRJNA89525	SAMN02386258	PAIRED	cDNA	BCCAGSC	4.830926474843	5
SRR1791121	NCI_TARGET	run.zq,sra,fastq	Primary Blood Derived Cancer - Bone Marrow	10661813878	TARGET: Acute Myeloid Leukemia (AML)	gs,s3,ncbi	RNA	RNA-Seq	SRP012000	PRJNA89525	SAMN02260523	PAIRED	cDNA	BCCAGSC	4.841588288721	5
SRR1791122	NCI_TARGET	sra,run.zq,fastq	Primary Blood Derived Cancer - Bone Marrow	10068016122	TARGET: Acute Myeloid Leukemia (AML)	s3,ncbi,gs	RNA	RNA-Seq	SRP012000	PRJNA89525	SAMN02260643	PAIRED	cDNA	BCCAGSC	4.851656304843	5
SRR1791123	NCI_TARGET	run.zq,fastq,sra	Primary Blood Derived Cancer - Bone Marrow	8584036643	TARGET: Acute Myeloid Leukemia (AML)	s3,ncbi,gs	RNA	RNA-Seq	SRP012000	PRJNA89525	SAMN02260542	PAIRED	cDNA	BCCAGSC	4.860240341486	5
SRR1791124	NCI_TARGET	fastq,sra,run.zq	Primary Blood Derived Cancer - Bone Marrow	10860996282	TARGET: Acute Myeloid Leukemia (AML)	s3,gs,ncbi	RNA	RNA-Seq	SRP012000	PRJNA89525	SAMN02260644	PAIRED	cDNA	BCCAGSC	4.871101337768	5
SRR1791125	NCI_TARGET	sra,fastq,run.zq	Recurrent Blood Derived Cancer - Bone Marrow	10536864837	TARGET: Acute Myeloid Leukemia (AML)	s3,ncbi,gs	RNA	RNA-Seq	SRP012000	PRJNA89525	SAMN02260621	PAIRED	cDNA	BCCAGSC	4.881638202605	5
SRR1791126	NCI_TARGET	sra,fastq,run.zq	Recurrent Blood Derived Cancer - Bone Marrow	8997364482	TARGET: Acute Myeloid Leukemia (AML)	gs,ncbi,s3	RNA	RNA-Seq	SRP012000	PRJNA89525	SAMN02260466	PAIRED	cDNA	BCCAGSC	4.890635567087	5
SRR1791127	NCI_TARGET	fastq,run.zq,sra	Recurrent Blood Derived Cancer - Bone Marrow	11051358848	TARGET: Acute Myeloid Leukemia (AML)	ncbi,s3,gs	RNA	RNA-Seq	SRP012000	PRJNA89525	SAMN02260549	PAIRED	cDNA	BCCAGSC	4.901686925935	5
SRR1791128	NCI_TARGET	run.zq,sra,fastq	Primary Blood Derived Cancer - Bone Marrow	13280174646	TARGET: Acute Myeloid Leukemia (AML)	s3,gs,ncbi	RNA	RNA-Seq	SRP012000	PRJNA89525	SAMN02260468	PAIRED	cDNA	BCCAGSC	4.914967100581	5
SRR1791129	NCI_TARGET	run.zq,fastq,sra	Recurrent Blood Derived Cancer - Bone Marrow	14173381162	TARGET: Acute Myeloid Leukemia (AML)	gs,ncbi,s3	RNA	RNA-Seq	SRP012000	PRJNA89525	SAMN02260517	PAIRED	cDNA	BCCAGSC	4.929140481743	5
SRR1791130	NCI_TARGET	sra,run.zq,fastq	Recurrent Blood Derived Cancer - Bone Marrow	11326326393	TARGET: Acute Myeloid Leukemia (AML)	ncbi,gs,s3	RNA	RNA-Seq	SRP012000	PRJNA89525	SAMN02260578	PAIRED	cDNA	BCCAGSC	4.940466808136	5
SRR1791131	NCI_TARGET	run.zq,sra,fastq	Primary Blood Derived Cancer - Bone Marrow	15652835124	TARGET: Acute Myeloid Leukemia (AML)	gs,s3,ncbi	RNA	RNA-Seq	SRP012000	PRJNA89525	SAMN02260529	PAIRED	cDNA	BCCAGSC	4.95611964326	5
SRR1791132	NCI_TARGET	run.zq,sra,fastq	Primary Blood Derived Cancer - Peripheral Blood	12690007293	TARGET: Acute Myeloid Leukemia (AML)	s3,ncbi,gs	RNA	RNA-Seq	SRP012000	PRJNA89525	SAMN02260653	PAIRED	cDNA	BCCAGSC	4.968809650553	5
SRR1791133	NCI_TARGET	sra,run.zq,fastq	Recurrent Blood Derived Cancer - Bone Marrow	10223972861	TARGET: Acute Myeloid Leukemia (AML)	ncbi,s3,gs	RNA	RNA-Seq	SRP012000	PRJNA89525	SAMN02260548	PAIRED	cDNA	BCCAGSC	4.979033623414	5
SRR1791134	NCI_TARGET	sra,run.zq,fastq	Primary Blood Derived Cancer - Bone Marrow	10118182169	TARGET: Acute Myeloid Leukemia (AML)	s3,gs,ncbi	RNA	RNA-Seq	SRP012000	PRJNA89525	SAMN02260618	PAIRED	cDNA	BCCAGSC	4.989151805583	5
SRR1791135	NCI_TARGET	run.zq,sra,fastq	Recurrent Blood Derived Cancer - Bone Marrow	9803539380	TARGET: Acute Myeloid Leukemia (AML)	ncbi,s3,gs	RNA	RNA-Seq	SRP012000	PRJNA89525	SAMN02260500	PAIRED	cDNA	BCCAGSC	4.998955344963	5
SRR1791136	NCI_TARGET	sra,run.zq,fastq	Recurrent Blood Derived Cancer - Bone Marrow	5181547811	TARGET: Acute Myeloid Leukemia (AML)	ncbi,s3,gs	RNA	RNA-Seq	SRP012000	PRJNA89525	SAMN02260539	PAIRED	cDNA	BCCAGSC	5.004136892774	5
SRR1791137	NCI_TARGET	fastq,sra,run.zq	Primary Blood Derived Cancer - Bone Marrow	12665965074	TARGET: Acute Myeloid Leukemia (AML)	s3,gs,ncbi	RNA	RNA-Seq	SRP012000	PRJNA89525	SAMN01778083	PAIRED	cDNA	BCCAGSC	5.016802857848	5
SRR1791138	NCI_TARGET	run.zq,sra,fastq	Recurrent Blood Derived Cancer - Bone Marrow	7968759670	TARGET: Acute Myeloid Leukemia (AML)	gs,ncbi,s3	RNA	RNA-Seq	SRP012000	PRJNA89525	SAMN02260545	PAIRED	cDNA	BCCAGSC	5.024771617518	5
SRR1791139	NCI_TARGET	sra,fastq,run.zq	Recurrent Blood Derived Cancer - Bone Marrow	13706110705	TARGET: Acute Myeloid Leukemia (AML)	gs,s3,ncbi	RNA	RNA-Seq	SRP012000	PRJNA89525	SAMN02260476	PAIRED	cDNA	BCCAGSC	5.038477728223	5
SRR1791140	NCI_TARGET	sra,run.zq,fastq	Recurrent Blood Derived Cancer - Bone Marrow	12112077758	TARGET: Acute Myeloid Leukemia (AML)	s3,gs,ncbi	RNA	RNA-Seq	SRP012000	PRJNA89525	SAMN02260530	PAIRED	cDNA	BCCAGSC	5.050589805981	5
SRR1791141	NCI_TARGET	sra,run.zq,fastq	Recurrent Blood Derived Cancer - Bone Marrow	1560340772	TARGET: Acute Myeloid Leukemia (AML)	ncbi,gs,s3	RNA	RNA-Seq	SRP012000	PRJNA89525	SAMN02260556	PAIRED	cDNA	BCCAGSC	5.052150146753	5
SRR1791142	NCI_TARGET	sra,fastq,run.zq	Recurrent Blood Derived Cancer - Bone Marrow	10293263515	TARGET: Acute Myeloid Leukemia (AML)	gs,ncbi,s3	RNA	RNA-Seq	SRP012000	PRJNA89525	SAMN02260462	PAIRED	cDNA	BCCAGSC	5.062443410268	5
SRR1791143	NCI_TARGET	fastq,sra,run.zq	Primary Blood Derived Cancer - Bone Marrow	14615455985	TARGET: Acute Myeloid Leukemia (AML)	s3,ncbi,gs	RNA	RNA-Seq	SRP012000	PRJNA89525	SAMN02260591	PAIRED	cDNA	BCCAGSC	5.077058866253	5
SRR1791144	NCI_TARGET	fastq,run.zq,sra	Primary Blood Derived Cancer - Peripheral Blood	11200297867	TARGET: Acute Myeloid Leukemia (AML)	gs,s3,ncbi	RNA	RNA-Seq	SRP012000	PRJNA89525	SAMN02260546	PAIRED	cDNA	BCCAGSC	5.08825916412	5
SRR1791145	NCI_TARGET	run.zq,sra,fastq	Primary Blood Derived Cancer - Bone Marrow	10729080205	TARGET: Acute Myeloid Leukemia (AML)	ncbi,gs,s3	RNA	RNA-Seq	SRP012000	PRJNA89525	SAMN02260592	PAIRED	cDNA	BCCAGSC	5.098988244325	5
SRR1791146	NCI_TARGET	sra,fastq,run.zq	Primary Blood Derived Cancer - Peripheral Blood	8579969579	TARGET: Acute Myeloid Leukemia (AML)	ncbi,gs,s3	RNA	RNA-Seq	SRP012000	PRJNA89525	SAMN02260554	PAIRED	cDNA	BCCAGSC	5.107568213904	5
SRR1791147	NCI_TARGET	fastq,sra,run.zq	Recurrent Blood Derived Cancer - Bone Marrow	13384614995	TARGET: Acute Myeloid Leukemia (AML)	ncbi,gs,s3	RNA	RNA-Seq	SRP012000	PRJNA89525	SAMN02260652	PAIRED	cDNA	BCCAGSC	5.120952828899	5
SRR1791148	NCI_TARGET	run.zq,sra,fastq	Primary Blood Derived Cancer - Bone Marrow	11132683158	TARGET: Acute Myeloid Leukemia (AML)	ncbi,s3,gs	RNA	RNA-Seq	SRP012000	PRJNA89525	SAMN02260662	PAIRED	cDNA	BCCAGSC	5.132085512057	5
SRR1791149	NCI_TARGET	sra,run.zq,fastq	Recurrent Blood Derived Cancer - Bone Marrow	12914104878	TARGET: Acute Myeloid Leukemia (AML)	gs,s3,ncbi	RNA	RNA-Seq	SRP012000	PRJNA89525	SAMN02260615	PAIRED	cDNA	BCCAGSC	5.144999616935	5
SRR1791150	NCI_TARGET	fastq,run.zq,sra	Recurrent Blood Derived Cancer - Bone Marrow	14580296526	TARGET: Acute Myeloid Leukemia (AML)	s3,ncbi,gs	RNA	RNA-Seq	SRP012000	PRJNA89525	SAMN02260535	PAIRED	cDNA	BCCAGSC	5.159579913461	5
SRR1791151	NCI_TARGET	fastq,sra,run.zq	Recurrent Blood Derived Cancer - Bone Marrow	10337637442	TARGET: Acute Myeloid Leukemia (AML)	ncbi,s3,gs	RNA	RNA-Seq	SRP012000	PRJNA89525	SAMN02386334	PAIRED	cDNA	BCCAGSC	5.169917550903	5
SRR1791152	NCI_TARGET	run.zq,sra,fastq	Recurrent Blood Derived Cancer - Bone Marrow	10246128951	TARGET: Acute Myeloid Leukemia (AML)	gs,ncbi,s3	RNA	RNA-Seq	SRP012000	PRJNA89525	SAMN02260465	PAIRED	cDNA	BCCAGSC	5.180163679854	5
SRR1791153	NCI_TARGET	run.zq,fastq,sra	Primary Blood Derived Cancer - Peripheral Blood	13383209541	TARGET: Acute Myeloid Leukemia (AML)	s3,ncbi,gs	RNA	RNA-Seq	SRP012000	PRJNA89525	SAMN02260457	PAIRED	cDNA	BCCAGSC	5.193546889395	5
SRR1791154	NCI_TARGET	sra,run.zq,fastq	Primary Blood Derived Cancer - Peripheral Blood	14026343422	TARGET: Acute Myeloid Leukemia (AML)	gs,s3,ncbi	RNA	RNA-Seq	SRP012000	PRJNA89525	SAMN02260489	PAIRED	cDNA	BCCAGSC	5.207573232817	5
SRR1791155	NCI_TARGET	run.zq,sra,fastq	Primary Blood Derived Cancer - Bone Marrow	10970667418	TARGET: Acute Myeloid Leukemia (AML)	ncbi,s3,gs	RNA	RNA-Seq	SRP012000	PRJNA89525	SAMN02260637	PAIRED	cDNA	BCCAGSC	5.218543900235	5
SRR1791156	NCI_TARGET	sra,run.zq,fastq	Recurrent Blood Derived Cancer - Bone Marrow	12586415251	TARGET: Acute Myeloid Leukemia (AML)	s3,gs,ncbi	RNA	RNA-Seq	SRP012000	PRJNA89525	SAMN02386214	PAIRED	cDNA	BCCAGSC	5.231130315486	5
SRR1791157	NCI_TARGET	run.zq,sra,fastq	Recurrent Blood Derived Cancer - Bone Marrow	10780050486	TARGET: Acute Myeloid Leukemia (AML)	ncbi,gs,s3	RNA	RNA-Seq	SRP012000	PRJNA89525	SAMN02260567	PAIRED	cDNA	BCCAGSC	5.241910365972	5
SRR1791158	NCI_TARGET	fastq,sra,run.zq	Recurrent Blood Derived Cancer - Bone Marrow	12705074700	TARGET: Acute Myeloid Leukemia (AML)	ncbi,gs,s3	RNA	RNA-Seq	SRP012000	PRJNA89525	SAMN02260496	PAIRED	cDNA	BCCAGSC	5.254615440672	5
SRR1791159	NCI_TARGET	run.zq,sra,fastq	Primary Blood Derived Cancer - Bone Marrow	12712109594	TARGET: Acute Myeloid Leukemia (AML)	s3,ncbi,gs	RNA	RNA-Seq	SRP012000	PRJNA89525	SAMN02260622	PAIRED	cDNA	BCCAGSC	5.267327550266	5
SRR1791160	NCI_TARGET	sra,run.zq,fastq	Recurrent Blood Derived Cancer - Bone Marrow	12719453551	TARGET: Acute Myeloid Leukemia (AML)	s3,ncbi,gs	RNA	RNA-Seq	SRP012000	PRJNA89525	SAMN02260501	PAIRED	cDNA	BCCAGSC	5.280047003817	5
SRR1791161	NCI_TARGET	run.zq,fastq,sra	Primary Blood Derived Cancer - Bone Marrow	11798046622	TARGET: Acute Myeloid Leukemia (AML)	gs,ncbi,s3	RNA	RNA-Seq	SRP012000	PRJNA89525	SAMN02260559	PAIRED	cDNA	BCCAGSC	5.291845050439	5
SRR1791162	NCI_TARGET	run.zq,fastq,sra	Recurrent Blood Derived Cancer - Bone Marrow	17288304596	TARGET: Acute Myeloid Leukemia (AML)	gs,ncbi,s3	RNA	RNA-Seq	SRP012000	PRJNA89525	SAMN02260538	PAIRED	cDNA	BCCAGSC	5.309133355035	5
SRR1791163	NCI_TARGET	fastq,run.zq,sra	Recurrent Blood Derived Cancer - Bone Marrow	11389270170	TARGET: Acute Myeloid Leukemia (AML)	gs,s3,ncbi	RNA	RNA-Seq	SRP012000	PRJNA89525	SAMN02260505	PAIRED	cDNA	BCCAGSC	5.320522625205	5
SRR1791164	NCI_TARGET	run.zq,sra,fastq	Recurrent Blood Derived Cancer  - Peripheral Blood	6961435432	TARGET: Acute Myeloid Leukemia (AML)	ncbi,s3,gs	RNA	RNA-Seq	SRP012000	PRJNA89525	SAMN02260646	PAIRED	cDNA	BCCAGSC	5.327484060637	5
SRR1791165	NCI_TARGET	sra,run.zq,fastq	Recurrent Blood Derived Cancer - Bone Marrow	7533302038	TARGET: Acute Myeloid Leukemia (AML)	ncbi,gs,s3	RNA	RNA-Seq	SRP012000	PRJNA89525	SAMN02260467	PAIRED	cDNA	BCCAGSC	5.335017362675	5
SRR1791166	NCI_TARGET	fastq,sra,run.zq	Primary Blood Derived Cancer - Bone Marrow	13982432486	TARGET: Acute Myeloid Leukemia (AML)	s3,gs,ncbi	RNA	RNA-Seq	SRP012000	PRJNA89525	SAMN02260557	PAIRED	cDNA	BCCAGSC	5.348999795161	5
SRR1791167	NCI_TARGET	sra,fastq,run.zq	Recurrent Blood Derived Cancer - Bone Marrow	11101709559	TARGET: Acute Myeloid Leukemia (AML)	s3,gs,ncbi	RNA	RNA-Seq	SRP012000	PRJNA89525	SAMN02260515	PAIRED	cDNA	BCCAGSC	5.36010150472	5
SRR1791168	NCI_TARGET	fastq,run.zq,sra	Primary Blood Derived Cancer - Bone Marrow	11694935751	TARGET: Acute Myeloid Leukemia (AML)	gs,s3,ncbi	RNA	RNA-Seq	SRP012000	PRJNA89525	SAMN02260473	PAIRED	cDNA	BCCAGSC	5.371796440471	5
SRR1791169	NCI_TARGET	sra,run.zq,fastq	Primary Blood Derived Cancer - Bone Marrow	11791352981	TARGET: Acute Myeloid Leukemia (AML)	ncbi,s3,gs	RNA	RNA-Seq	SRP012000	PRJNA89525	SAMN02260513	PAIRED	cDNA	BCCAGSC	5.383587793452	5
SRR1791170	NCI_TARGET	sra,run.zq,fastq	Recurrent Blood Derived Cancer - Bone Marrow	14615074763	TARGET: Acute Myeloid Leukemia (AML)	s3,ncbi,gs	RNA	RNA-Seq	SRP012000	PRJNA89525	SAMN02260626	PAIRED	cDNA	BCCAGSC	5.398202868215	5
SRR1791171	NCI_TARGET	sra,fastq,run.zq	Primary Blood Derived Cancer - Bone Marrow	11738488150	TARGET: Acute Myeloid Leukemia (AML)	gs,s3,ncbi	RNA	RNA-Seq	SRP012000	PRJNA89525	SAMN02260655	PAIRED	cDNA	BCCAGSC	5.409941356365	5
SRR1791172	NCI_TARGET	sra,fastq,run.zq	Primary Blood Derived Cancer - Bone Marrow	12604210654	TARGET: Acute Myeloid Leukemia (AML)	ncbi,s3,gs	RNA	RNA-Seq	SRP012000	PRJNA89525	SAMN02260571	PAIRED	cDNA	BCCAGSC	5.422545567019	5
SRR1791173	NCI_TARGET	sra,fastq,run.zq	Primary Blood Derived Cancer - Bone Marrow	9921838940	TARGET: Acute Myeloid Leukemia (AML)	gs,s3,ncbi	RNA	RNA-Seq	SRP012000	PRJNA89525	SAMN02260658	PAIRED	cDNA	BCCAGSC	5.432467405959	5
SRR1796862	NCI_TARGET	fastq,run.zq,sra	Primary Blood Derived Cancer - Bone Marrow	11545138808	TARGET: Acute Myeloid Leukemia (AML)	s3,ncbi,gs	RNA	RNA-Seq	SRP012000	PRJNA89525	SAMN02443319	PAIRED	cDNA	BCCAGSC	5.444012544767	5
SRR1796872	NCI_TARGET	run.zq,sra,fastq	Recurrent Blood Derived Cancer - Bone Marrow	4938488195	TARGET: Acute Myeloid Leukemia (AML)	s3,gs,ncbi	RNA	RNA-Seq	SRP012000	PRJNA89525	SAMN02386279	PAIRED	cDNA	BCCAGSC	5.448951032962	5
SRR1796878	NCI_TARGET	sra,run.zq,fastq	Primary Blood Derived Cancer - Peripheral Blood	10449649329	TARGET: Acute Myeloid Leukemia (AML)	ncbi,s3,gs	RNA	RNA-Seq	SRP012000	PRJNA89525	SAMN02443376	PAIRED	cDNA	BCCAGSC	5.459400682291	5
SRR1796884	NCI_TARGET	fastq,sra,run.zq	Primary Blood Derived Cancer - Bone Marrow	10893570529	TARGET: Acute Myeloid Leukemia (AML)	gs,s3,ncbi	RNA	RNA-Seq	SRP012000	PRJNA89525	SAMN02260483	PAIRED	cDNA	BCCAGSC	5.47029425282	5
SRR1796885	NCI_TARGET	sra,fastq,run.zq	Primary Blood Derived Cancer - Bone Marrow	13719759172	TARGET: Acute Myeloid Leukemia (AML)	ncbi,s3,gs	RNA	RNA-Seq	SRP012000	PRJNA89525	SAMN02260645	PAIRED	cDNA	BCCAGSC	5.484014011992	5
SRR1796886	NCI_TARGET	run.zq,sra,fastq	Primary Blood Derived Cancer - Bone Marrow	13211104591	TARGET: Acute Myeloid Leukemia (AML)	gs,s3,ncbi	RNA	RNA-Seq	SRP012000	PRJNA89525	SAMN02443214	PAIRED	cDNA	BCCAGSC	5.497225116583	5
SRR1796887	NCI_TARGET	run.zq,fastq,sra	Primary Blood Derived Cancer - Bone Marrow	12732652049	TARGET: Acute Myeloid Leukemia (AML)	gs,ncbi,s3	RNA	RNA-Seq	SRP012000	PRJNA89525	SAMN02260455	PAIRED	cDNA	BCCAGSC	5.509957768632	5
SRR1796888	NCI_TARGET	sra,fastq,run.zq	Primary Blood Derived Cancer - Peripheral Blood	11027945209	TARGET: Acute Myeloid Leukemia (AML)	ncbi,gs,s3	RNA	RNA-Seq	SRP012000	PRJNA89525	SAMN02260553	PAIRED	cDNA	BCCAGSC	5.520985713841	5
SRR1796889	NCI_TARGET	sra,run.zq,fastq	Primary Blood Derived Cancer - Bone Marrow	17711175931	TARGET: Acute Myeloid Leukemia (AML)	s3,gs,ncbi	RNA	RNA-Seq	SRP012000	PRJNA89525	SAMN02260630	PAIRED	cDNA	BCCAGSC	5.538696889772	5
SRR1796892	NCI_TARGET	sra,fastq,run.zq	Recurrent Blood Derived Cancer - Bone Marrow	16803976336	TARGET: Acute Myeloid Leukemia (AML)	ncbi,s3,gs	RNA	RNA-Seq	SRP012000	PRJNA89525	SAMN02260583	PAIRED	cDNA	BCCAGSC	5.555500866108	5
SRR1796910	NCI_TARGET	fastq,sra,run.zq	Primary Blood Derived Cancer - Bone Marrow	12576962107	TARGET: Acute Myeloid Leukemia (AML)	gs,s3,ncbi	RNA	RNA-Seq	SRP012000	PRJNA89525	SAMN02443062	PAIRED	cDNA	BCCAGSC	5.568077828215	5
SRR1796914	NCI_TARGET	fastq,run.zq,sra	Primary Blood Derived Cancer - Bone Marrow	16429777768	TARGET: Acute Myeloid Leukemia (AML)	gs,s3,ncbi	RNA	RNA-Seq	SRP012000	PRJNA89525	SAMN02260479	PAIRED	cDNA	BCCAGSC	5.584507605983	5
SRR1796916	NCI_TARGET	run.zq,fastq,sra	Primary Blood Derived Cancer - Bone Marrow	13302959073	TARGET: Acute Myeloid Leukemia (AML)	s3,ncbi,gs	RNA	RNA-Seq	SRP012000	PRJNA89525	SAMN02260641	PAIRED	cDNA	BCCAGSC	5.597810565056	5
SRR1796944	NCI_TARGET	run.zq,fastq,sra	Primary Solid Tumor	9838905022	TARGET: Kidney\, Wilms Tumor (WT)	s3,gs,ncbi	RNA	RNA-Seq	SRP012006	PRJNA89521	SAMN02724541	PAIRED	cDNA	BCCAGSC	5.607649470078	5
SRR1796958	NCI_TARGET	fastq,sra,run.zq	Primary Solid Tumor	8950643534	TARGET: Kidney\, Wilms Tumor (WT)	ncbi,s3,gs	RNA	RNA-Seq	SRP012006	PRJNA89521	SAMN02724554	PAIRED	cDNA	BCCAGSC	5.616600113612	5
SRR1796959	NCI_TARGET	fastq,run.zq,sra	Primary Solid Tumor	7946338233	TARGET: Kidney\, Wilms Tumor (WT)	gs,s3,ncbi	RNA	RNA-Seq	SRP012006	PRJNA89521	SAMN02724475	PAIRED	cDNA	BCCAGSC	5.624546451845	5
SRR1796960	NCI_TARGET	run.zq,sra,fastq	Primary Solid Tumor	10737562532	TARGET: Kidney\, Wilms Tumor (WT)	ncbi,gs,s3	RNA	RNA-Seq	SRP012006	PRJNA89521	SAMN02724722	PAIRED	cDNA	BCCAGSC	5.635284014377	5
SRR1796968	NCI_TARGET	sra,run.zq,fastq	Primary Solid Tumor	8877293833	TARGET: Kidney\, Wilms Tumor (WT)	gs,s3,ncbi	RNA	RNA-Seq	SRP012006	PRJNA89521	SAMN02724718	PAIRED	cDNA	BCCAGSC	5.64416130821	5
SRR1796979	NCI_TARGET	sra,run.zq,fastq	Primary Solid Tumor	8626198802	TARGET: Kidney\, Wilms Tumor (WT)	gs,s3,ncbi	RNA	RNA-Seq	SRP012006	PRJNA89521	SAMN02724563	PAIRED	cDNA	BCCAGSC	5.652787507012	5
SRR1796980	NCI_TARGET	run.zq,sra,fastq	Primary Solid Tumor	7565107562	TARGET: Kidney\, Wilms Tumor (WT)	s3,gs,ncbi	RNA	RNA-Seq	SRP012006	PRJNA89521	SAMN02724524	PAIRED	cDNA	BCCAGSC	5.660352614574	5
SRR1796981	NCI_TARGET	fastq,run.zq,sra	Primary Solid Tumor	9937832556	TARGET: Kidney\, Wilms Tumor (WT)	s3,gs,ncbi	RNA	RNA-Seq	SRP012006	PRJNA89521	SAMN02724451	PAIRED	cDNA	BCCAGSC	5.67029044713	5
SRR1796982	NCI_TARGET	run.zq,fastq,sra	Primary Solid Tumor	7948962348	TARGET: Kidney\, Wilms Tumor (WT)	ncbi,gs,s3	RNA	RNA-Seq	SRP012006	PRJNA89521	SAMN02724697	PAIRED	cDNA	BCCAGSC	5.678239409478	5
SRR1796983	NCI_TARGET	fastq,sra,run.zq	Primary Solid Tumor	8556884412	TARGET: Kidney\, Wilms Tumor (WT)	gs,s3,ncbi	RNA	RNA-Seq	SRP012006	PRJNA89521	SAMN02724521	PAIRED	cDNA	BCCAGSC	5.68679629389	5
SRR1796984	NCI_TARGET	run.zq,sra,fastq	Primary Solid Tumor	11991455566	TARGET: Kidney\, Wilms Tumor (WT)	s3,gs,ncbi	RNA	RNA-Seq	SRP012006	PRJNA89521	SAMN02724471	PAIRED	cDNA	BCCAGSC	5.698787749456	5
SRR1796985	NCI_TARGET	run.zq,sra,fastq	Primary Solid Tumor	8185243919	TARGET: Kidney\, Wilms Tumor (WT)	s3,gs,ncbi	RNA	RNA-Seq	SRP012006	PRJNA89521	SAMN02724449	PAIRED	cDNA	BCCAGSC	5.706972993375	5
SRR1796986	NCI_TARGET	run.zq,sra,fastq	Blood Derived Normal	9766202621	TARGET: Kidney\, Wilms Tumor (WT)	gs,s3,ncbi	RNA	RNA-Seq	SRP012006	PRJNA89521	SAMN02443671	PAIRED	cDNA	BCCAGSC	5.716739195996	5
SRR1796987	NCI_TARGET	fastq,run.zq,sra	Primary Solid Tumor	9208732504	TARGET: Kidney\, Wilms Tumor (WT)	gs,ncbi,s3	RNA	RNA-Seq	SRP012006	PRJNA89521	SAMN02724447	PAIRED	cDNA	BCCAGSC	5.7259479285	5
SRR1796988	NCI_TARGET	sra,fastq,run.zq	Primary Solid Tumor	8918335819	TARGET: Kidney\, Wilms Tumor (WT)	ncbi,s3,gs	RNA	RNA-Seq	SRP012006	PRJNA89521	SAMN02724624	PAIRED	cDNA	BCCAGSC	5.734866264319	5
SRR1796996	NCI_TARGET	sra,run.zq,fastq	Primary Solid Tumor	10283120357	TARGET: Kidney\, Wilms Tumor (WT)	s3,ncbi,gs	RNA	RNA-Seq	SRP012006	PRJNA89521	SAMN02724487	PAIRED	cDNA	BCCAGSC	5.745149384676	5
SRR1796997	NCI_TARGET	sra,run.zq,fastq	Primary Solid Tumor	10558756891	TARGET: Kidney\, Wilms Tumor (WT)	s3,ncbi,gs	RNA	RNA-Seq	SRP012006	PRJNA89521	SAMN02724527	PAIRED	cDNA	BCCAGSC	5.755708141567	5
SRR1796998	NCI_TARGET	sra,run.zq,fastq	Primary Solid Tumor	11399938396	TARGET: Kidney\, Wilms Tumor (WT)	gs,s3,ncbi	RNA	RNA-Seq	SRP012006	PRJNA89521	SAMN02724443	PAIRED	cDNA	BCCAGSC	5.767108079963	5
SRR1797009	NCI_TARGET	fastq,sra,run.zq	Primary Solid Tumor	8886331870	TARGET: Kidney\, Wilms Tumor (WT)	ncbi,s3,gs	RNA	RNA-Seq	SRP012006	PRJNA89521	SAMN02724533	PAIRED	cDNA	BCCAGSC	5.775994411833	5
SRR1797010	NCI_TARGET	run.zq,fastq,sra	Primary Solid Tumor	12099151590	TARGET: Kidney\, Wilms Tumor (WT)	gs,ncbi,s3	RNA	RNA-Seq	SRP012006	PRJNA89521	SAMN02724656	PAIRED	cDNA	BCCAGSC	5.788093563423	5
SRR1797011	NCI_TARGET	fastq,sra,run.zq	Primary Solid Tumor	11730469821	TARGET: Kidney\, Wilms Tumor (WT)	gs,s3,ncbi	RNA	RNA-Seq	SRP012006	PRJNA89521	SAMN02724511	PAIRED	cDNA	BCCAGSC	5.799824033244	5
SRR1797012	NCI_TARGET	run.zq,sra,fastq	Primary Solid Tumor	12573118408	TARGET: Kidney\, Wilms Tumor (WT)	ncbi,s3,gs	RNA	RNA-Seq	SRP012006	PRJNA89521	SAMN02724456	PAIRED	cDNA	BCCAGSC	5.812397151652	5
SRR1797013	NCI_TARGET	run.zq,fastq,sra	Primary Solid Tumor	8567137005	TARGET: Kidney\, Wilms Tumor (WT)	s3,ncbi,gs	RNA	RNA-Seq	SRP012006	PRJNA89521	SAMN02724636	PAIRED	cDNA	BCCAGSC	5.820964288657	5
SRR1797022	NCI_TARGET	sra,run.zq,fastq	Primary Solid Tumor	8867114300	TARGET: Kidney\, Wilms Tumor (WT)	ncbi,s3,gs	RNA	RNA-Seq	SRP012006	PRJNA89521	SAMN02724626	PAIRED	cDNA	BCCAGSC	5.829831402957	5
SRR1797026	NCI_TARGET	fastq,sra,run.zq	Primary Solid Tumor	18969518831	TARGET: Kidney\, Wilms Tumor (WT)	gs,ncbi,s3	RNA	RNA-Seq	SRP012006	PRJNA89521	SAMN02724560	PAIRED	cDNA	BCCAGSC	5.848800921788	5
SRR1797047	NCI_TARGET	fastq,run.zq,sra	Primary Solid Tumor	8269504596	TARGET: Kidney\, Wilms Tumor (WT)	ncbi,s3,gs	RNA	RNA-Seq	SRP012006	PRJNA89521	SAMN02724481	PAIRED	cDNA	BCCAGSC	5.857070426384	5
SRR1797066	NCI_TARGET	run.zq,sra,fastq	Primary Blood Derived Cancer - Bone Marrow	15461559033	TARGET: Acute Lymphoblastic Leukemia (ALL) Expansion Phase 2	ncbi,s3,gs	RNA	RNA-Seq	SRP011999	PRJNA89529	SAMN02385948	PAIRED	cDNA	BCCAGSC	5.872531985417	5
SRR1797071	NCI_TARGET	sra,fastq,run.zq	Recurrent Blood Derived Cancer - Bone Marrow	8942051944	TARGET: Acute Lymphoblastic Leukemia (ALL) Expansion Phase 2	gs,s3,ncbi	RNA	RNA-Seq	SRP011999	PRJNA89529	SAMN02386024	PAIRED	cDNA	BCCAGSC	5.881474037361	5
SRR1797072	NCI_TARGET	run.zq,sra,fastq	Primary Blood Derived Cancer - Peripheral Blood	11843636964	TARGET: Acute Lymphoblastic Leukemia (ALL) Expansion Phase 2	s3,ncbi,gs	RNA	RNA-Seq	SRP011999	PRJNA89529	SAMN02386001	PAIRED	cDNA	BCCAGSC	5.893317674325	5
SRR1797073	NCI_TARGET	run.zq,sra,fastq	Primary Blood Derived Cancer - Peripheral Blood	11034044462	TARGET: Acute Lymphoblastic Leukemia (ALL) Expansion Phase 2	gs,s3,ncbi	RNA	RNA-Seq	SRP011999	PRJNA89529	SAMN02723674	PAIRED	cDNA	BCCAGSC	5.904351718787	5
SRR1797074	NCI_TARGET	fastq,run.zq,sra	Primary Blood Derived Cancer - Peripheral Blood	7495464656	TARGET: Acute Lymphoblastic Leukemia (ALL) Expansion Phase 2	gs,s3,ncbi	RNA	RNA-Seq	SRP011999	PRJNA89529	SAMN02724109	PAIRED	cDNA	BCCAGSC	5.911847183443	5
SRR1797078	NCI_TARGET	run.zq,sra,fastq	Primary Blood Derived Cancer - Peripheral Blood	9400536584	TARGET: Acute Lymphoblastic Leukemia (ALL) Expansion Phase 2	ncbi,gs,s3	RNA	RNA-Seq	SRP011999	PRJNA89529	SAMN02385763	PAIRED	cDNA	BCCAGSC	5.921247720027	5
SRR1797079	NCI_TARGET	sra,run.zq,fastq	Primary Blood Derived Cancer - Bone Marrow	16018252352	TARGET: Acute Lymphoblastic Leukemia (ALL) Expansion Phase 2	ncbi,gs,s3	RNA	RNA-Seq	SRP011999	PRJNA89529	SAMN02386128	PAIRED	cDNA	BCCAGSC	5.937265972379	5
SRR1797080	NCI_TARGET	fastq,run.zq,sra	Recurrent Blood Derived Cancer - Bone Marrow	10444662156	TARGET: Acute Lymphoblastic Leukemia (ALL) Expansion Phase 2	ncbi,gs,s3	RNA	RNA-Seq	SRP011999	PRJNA89529	SAMN02385882	PAIRED	cDNA	BCCAGSC	5.947710634535	5
SRR1797081	NCI_TARGET	fastq,sra,run.zq	Recurrent Blood Derived Cancer - Bone Marrow	9300425431	TARGET: Acute Lymphoblastic Leukemia (ALL) Expansion Phase 2	ncbi,s3,gs	RNA	RNA-Seq	SRP011999	PRJNA89529	SAMN02723902	PAIRED	cDNA	BCCAGSC	5.957011059966	5
SRR1797082	NCI_TARGET	fastq,run.zq,sra	Primary Blood Derived Cancer - Bone Marrow	5521416133	TARGET: Acute Lymphoblastic Leukemia (ALL) Expansion Phase 2	s3,ncbi,gs	RNA	RNA-Seq	SRP011999	PRJNA89529	SAMN02723572	PAIRED	cDNA	BCCAGSC	5.962532476099	5
SRR1797083	NCI_TARGET	fastq,sra,run.zq	Recurrent Blood Derived Cancer - Bone Marrow	10856703090	TARGET: Acute Lymphoblastic Leukemia (ALL) Expansion Phase 2	ncbi,s3,gs	RNA	RNA-Seq	SRP011999	PRJNA89529	SAMN02385762	PAIRED	cDNA	BCCAGSC	5.973389179189	5
SRR1797084	NCI_TARGET	run.zq,fastq,sra	Recurrent Blood Derived Cancer - Bone Marrow	9731747971	TARGET: Acute Lymphoblastic Leukemia (ALL) Expansion Phase 2	ncbi,gs,s3	RNA	RNA-Seq	SRP011999	PRJNA89529	SAMN02386098	PAIRED	cDNA	BCCAGSC	5.98312092716	5
SRR1797085	NCI_TARGET	sra,run.zq,fastq	Primary Blood Derived Cancer - Peripheral Blood	6860783341	TARGET: Acute Lymphoblastic Leukemia (ALL) Expansion Phase 2	gs,s3,ncbi	RNA	RNA-Seq	SRP011999	PRJNA89529	SAMN02724029	PAIRED	cDNA	BCCAGSC	5.989981710501	5
SRR1797086	NCI_TARGET	fastq,sra,run.zq	Primary Blood Derived Cancer - Bone Marrow	11449901133	TARGET: Acute Lymphoblastic Leukemia (ALL) Expansion Phase 2	gs,ncbi,s3	RNA	RNA-Seq	SRP011999	PRJNA89529	SAMN02385840	PAIRED	cDNA	BCCAGSC	6.001431611634	6
SRR1797089	NCI_TARGET	sra,fastq,run.zq	Recurrent Blood Derived Cancer - Bone Marrow	14290816823	TARGET: Acute Lymphoblastic Leukemia (ALL) Expansion Phase 2	gs,s3,ncbi	RNA	RNA-Seq	SRP011999	PRJNA89529	SAMN02385759	PAIRED	cDNA	BCCAGSC	6.015722428457	6
SRR1797092	NCI_TARGET	fastq,run.zq,sra	Recurrent Blood Derived Cancer - Bone Marrow	8492490159	TARGET: Acute Lymphoblastic Leukemia (ALL) Expansion Phase 2	gs,ncbi,s3	RNA	RNA-Seq	SRP011999	PRJNA89529	SAMN02385987	PAIRED	cDNA	BCCAGSC	6.024214918616	6
SRR1797093	NCI_TARGET	sra,fastq,run.zq	Recurrent Blood Derived Cancer - Bone Marrow	8724622142	TARGET: Acute Lymphoblastic Leukemia (ALL) Expansion Phase 2	ncbi,gs,s3	RNA	RNA-Seq	SRP011999	PRJNA89529	SAMN02722979	PAIRED	cDNA	BCCAGSC	6.032939540758	6
SRR1797094	NCI_TARGET	sra,fastq,run.zq	Recurrent Blood Derived Cancer - Bone Marrow	9493806111	TARGET: Acute Lymphoblastic Leukemia (ALL) Expansion Phase 2	ncbi,gs,s3	RNA	RNA-Seq	SRP011999	PRJNA89529	SAMN02386036	PAIRED	cDNA	BCCAGSC	6.042433346869	6
SRR1797095	NCI_TARGET	sra,fastq,run.zq	Primary Blood Derived Cancer - Peripheral Blood	7908121433	TARGET: Acute Lymphoblastic Leukemia (ALL) Expansion Phase 2	ncbi,gs,s3	RNA	RNA-Seq	SRP011999	PRJNA89529	SAMN02385826	PAIRED	cDNA	BCCAGSC	6.050341468302	6
SRR1797096	NCI_TARGET	run.zq,fastq,sra	Primary Blood Derived Cancer - Bone Marrow	7934310444	TARGET: Acute Lymphoblastic Leukemia (ALL) Expansion Phase 2	ncbi,gs,s3	RNA	RNA-Seq	SRP011999	PRJNA89529	SAMN02385793	PAIRED	cDNA	BCCAGSC	6.058275778746	6
SRR1797097	NCI_TARGET	run.zq,fastq,sra	Recurrent Blood Derived Cancer - Bone Marrow	7390166377	TARGET: Acute Lymphoblastic Leukemia (ALL) Expansion Phase 2	ncbi,gs,s3	RNA	RNA-Seq	SRP011999	PRJNA89529	SAMN02722802	PAIRED	cDNA	BCCAGSC	6.065665945123	6
SRR1797104	NCI_TARGET	sra,run.zq,fastq	Primary Blood Derived Cancer - Bone Marrow	11912802932	TARGET: Acute Lymphoblastic Leukemia (ALL) Expansion Phase 2	gs,ncbi,s3	RNA	RNA-Seq	SRP011999	PRJNA89529	SAMN02386055	PAIRED	cDNA	BCCAGSC	6.077578748055	6
SRR1797105	NCI_TARGET	sra,run.zq,fastq	Primary Blood Derived Cancer - Peripheral Blood	7009504565	TARGET: Acute Lymphoblastic Leukemia (ALL) Expansion Phase 2	s3,gs,ncbi	RNA	RNA-Seq	SRP011999	PRJNA89529	SAMN02722971	PAIRED	cDNA	BCCAGSC	6.08458825262	6
SRR1797106	NCI_TARGET	fastq,sra,run.zq	Recurrent Blood Derived Cancer - Bone Marrow	7501799154	TARGET: Acute Lymphoblastic Leukemia (ALL) Expansion Phase 2	ncbi,s3,gs	RNA	RNA-Seq	SRP011999	PRJNA89529	SAMN02723285	PAIRED	cDNA	BCCAGSC	6.092090051774	6
SRR1797108	NCI_TARGET	fastq,sra,run.zq	Primary Blood Derived Cancer - Peripheral Blood	13697488957	TARGET: Acute Lymphoblastic Leukemia (ALL) Expansion Phase 2	gs,ncbi,s3	RNA	RNA-Seq	SRP011999	PRJNA89529	SAMN02385919	PAIRED	cDNA	BCCAGSC	6.105787540731	6
SRR1797109	NCI_TARGET	run.zq,sra,fastq	Recurrent Blood Derived Cancer - Bone Marrow	13299793542	TARGET: Acute Lymphoblastic Leukemia (ALL) Expansion Phase 2	ncbi,gs,s3	RNA	RNA-Seq	SRP011999	PRJNA89529	SAMN02386085	PAIRED	cDNA	BCCAGSC	6.119087334273	6
SRR1797110	NCI_TARGET	sra,fastq,run.zq	Primary Blood Derived Cancer - Peripheral Blood	7787007073	TARGET: Acute Lymphoblastic Leukemia (ALL) Expansion Phase 2	s3,ncbi,gs	RNA	RNA-Seq	SRP011999	PRJNA89529	SAMN02386020	PAIRED	cDNA	BCCAGSC	6.126874341346	6
SRR1797112	NCI_TARGET	fastq,sra,run.zq	Primary Blood Derived Cancer - Bone Marrow	8950716881	TARGET: Acute Lymphoblastic Leukemia (ALL) Expansion Phase 2	ncbi,s3,gs	RNA	RNA-Seq	SRP011999	PRJNA89529	SAMN02385748	PAIRED	cDNA	BCCAGSC	6.135825058227	6
SRR1797113	NCI_TARGET	sra,run.zq,fastq	Recurrent Blood Derived Cancer - Bone Marrow	6239565375	TARGET: Acute Lymphoblastic Leukemia (ALL) Expansion Phase 2	ncbi,s3,gs	RNA	RNA-Seq	SRP011999	PRJNA89529	SAMN02386079	PAIRED	cDNA	BCCAGSC	6.142064623602	6
SRR1797115	NCI_TARGET	run.zq,sra,fastq	Primary Blood Derived Cancer - Bone Marrow	10990335927	TARGET: Acute Lymphoblastic Leukemia (ALL) Expansion Phase 2	ncbi,gs,s3	RNA	RNA-Seq	SRP011999	PRJNA89529	SAMN02385944	PAIRED	cDNA	BCCAGSC	6.153054959529	6
SRR1797116	NCI_TARGET	run.zq,fastq,sra	Recurrent Blood Derived Cancer - Bone Marrow	10521624019	TARGET: Acute Lymphoblastic Leukemia (ALL) Expansion Phase 2	s3,gs,ncbi	RNA	RNA-Seq	SRP011999	PRJNA89529	SAMN02385980	PAIRED	cDNA	BCCAGSC	6.163576583548	6
SRR1797117	NCI_TARGET	sra,fastq,run.zq	Primary Blood Derived Cancer - Bone Marrow	14417069488	TARGET: Acute Lymphoblastic Leukemia (ALL) Expansion Phase 2	gs,ncbi,s3	RNA	RNA-Seq	SRP011999	PRJNA89529	SAMN02385993	PAIRED	cDNA	BCCAGSC	6.177993653036	6
SRR1797122	NCI_TARGET	sra,run.zq,fastq	Recurrent Blood Derived Cancer - Bone Marrow	16026123713	TARGET: Acute Lymphoblastic Leukemia (ALL) Expansion Phase 2	ncbi,s3,gs	RNA	RNA-Seq	SRP011999	PRJNA89529	SAMN02386053	PAIRED	cDNA	BCCAGSC	6.194019776749	6
SRR1798952	NCI_TARGET	sra,fastq,run.zq	Primary Blood Derived Cancer - Bone Marrow	11453333092	TARGET: Acute Myeloid Leukemia (AML)	gs,s3,ncbi	RNA	RNA-Seq	SRP012000	PRJNA89525	SAMN01778552	PAIRED	cDNA	BCCAGSC	6.205473109841	6
SRR1798953	NCI_TARGET	run.zq,fastq,sra	Primary Blood Derived Cancer - Bone Marrow	10449527414	TARGET: Acute Myeloid Leukemia (AML)	ncbi,s3,gs	RNA	RNA-Seq	SRP012000	PRJNA89525	SAMN01778664	PAIRED	cDNA	BCCAGSC	6.215922637255	6
SRR1798954	NCI_TARGET	fastq,run.zq,sra	Blood Derived Cancer - Bone Marrow\, Post-treatment	6010388210	TARGET: Acute Myeloid Leukemia (AML)	ncbi,s3,gs	RNA	RNA-Seq	SRP012000	PRJNA89525	SAMN01778625	PAIRED	cDNA	BCCAGSC	6.221933025465	6
SRR1798955	NCI_TARGET	run.zq,sra,fastq	Blood Derived Cancer - Bone Marrow\, Post-treatment	10427790454	TARGET: Acute Myeloid Leukemia (AML)	gs,ncbi,s3	RNA	RNA-Seq	SRP012000	PRJNA89525	SAMN01778566	PAIRED	cDNA	BCCAGSC	6.232360815919	6
SRR1798956	NCI_TARGET	run.zq,fastq,sra	Blood Derived Cancer - Bone Marrow\, Post-treatment	8846242456	TARGET: Acute Myeloid Leukemia (AML)	s3,ncbi,gs	RNA	RNA-Seq	SRP012000	PRJNA89525	SAMN01778643	PAIRED	cDNA	BCCAGSC	6.241207058375	6
SRR1798957	NCI_TARGET	sra,fastq,run.zq	Primary Blood Derived Cancer - Bone Marrow	10612989835	TARGET: Acute Myeloid Leukemia (AML)	s3,gs,ncbi	RNA	RNA-Seq	SRP012000	PRJNA89525	SAMN01778546	PAIRED	cDNA	BCCAGSC	6.25182004821	6
SRR1798959	NCI_TARGET	fastq,run.zq,sra	Blood Derived Cancer - Bone Marrow\, Post-treatment	11630779663	TARGET: Acute Myeloid Leukemia (AML)	s3,gs,ncbi	RNA	RNA-Seq	SRP012000	PRJNA89525	SAMN01778618	PAIRED	cDNA	BCCAGSC	6.263450827873	6
SRR1798960	NCI_TARGET	run.zq,fastq,sra	Blood Derived Cancer - Bone Marrow\, Post-treatment	9697022884	TARGET: Acute Myeloid Leukemia (AML)	s3,gs,ncbi	RNA	RNA-Seq	SRP012000	PRJNA89525	SAMN01778683	PAIRED	cDNA	BCCAGSC	6.273147850757	6
SRR1798961	NCI_TARGET	fastq,sra,run.zq	Blood Derived Cancer - Peripheral Blood\, Post-treatment	11856995466	TARGET: Acute Myeloid Leukemia (AML)	s3,ncbi,gs	RNA	RNA-Seq	SRP012000	PRJNA89525	SAMN01778662	PAIRED	cDNA	BCCAGSC	6.285004846223	6
SRR1798962	NCI_TARGET	fastq,run.zq,sra	Blood Derived Cancer - Bone Marrow\, Post-treatment	9778479950	TARGET: Acute Myeloid Leukemia (AML)	ncbi,gs,s3	RNA	RNA-Seq	SRP012000	PRJNA89525	SAMN01778625	PAIRED	cDNA	BCCAGSC	6.294783326173	6
SRR1798963	NCI_TARGET	run.zq,fastq,sra	Primary Blood Derived Cancer - Peripheral Blood	9725415676	TARGET: Acute Myeloid Leukemia (AML)	s3,gs,ncbi	RNA	RNA-Seq	SRP012000	PRJNA89525	SAMN01778633	PAIRED	cDNA	BCCAGSC	6.304508741849	6
SRR1798964	NCI_TARGET	sra,run.zq,fastq	Blood Derived Cancer - Bone Marrow\, Post-treatment	11515379088	TARGET: Acute Myeloid Leukemia (AML)	ncbi,s3,gs	RNA	RNA-Seq	SRP012000	PRJNA89525	SAMN01778665	PAIRED	cDNA	BCCAGSC	6.316024120937	6
SRR1798965	NCI_TARGET	run.zq,sra,fastq	Blood Derived Cancer - Bone Marrow\, Post-treatment	8502119831	TARGET: Acute Myeloid Leukemia (AML)	ncbi,s3,gs	RNA	RNA-Seq	SRP012000	PRJNA89525	SAMN01778630	PAIRED	cDNA	BCCAGSC	6.324526240768	6
SRR1798966	NCI_TARGET	fastq,sra,run.zq	Primary Blood Derived Cancer - Bone Marrow	9885276753	TARGET: Acute Myeloid Leukemia (AML)	s3,ncbi,gs	RNA	RNA-Seq	SRP012000	PRJNA89525	SAMN01778552	PAIRED	cDNA	BCCAGSC	6.334411517521	6
SRR1798967	NCI_TARGET	fastq,sra,run.zq	Blood Derived Cancer - Bone Marrow\, Post-treatment	9077834474	TARGET: Acute Myeloid Leukemia (AML)	ncbi,s3,gs	RNA	RNA-Seq	SRP012000	PRJNA89525	SAMN01778613	PAIRED	cDNA	BCCAGSC	6.343489351995	6
SRR1798968	NCI_TARGET	sra,run.zq,fastq	Primary Blood Derived Cancer - Bone Marrow	10804930620	TARGET: Acute Myeloid Leukemia (AML)	gs,ncbi,s3	RNA	RNA-Seq	SRP012000	PRJNA89525	SAMN01778622	PAIRED	cDNA	BCCAGSC	6.354294282615	6
SRR1798969	NCI_TARGET	sra,run.zq,fastq	Primary Blood Derived Cancer - Bone Marrow	11048856866	TARGET: Acute Myeloid Leukemia (AML)	gs,s3,ncbi	RNA	RNA-Seq	SRP012000	PRJNA89525	SAMN01778607	PAIRED	cDNA	BCCAGSC	6.365343139481	6
SRR1798970	NCI_TARGET	fastq,run.zq,sra	Blood Derived Cancer - Bone Marrow\, Post-treatment	12656085286	TARGET: Acute Myeloid Leukemia (AML)	s3,gs,ncbi	RNA	RNA-Seq	SRP012000	PRJNA89525	SAMN01778649	PAIRED	cDNA	BCCAGSC	6.377999224767	6
SRR1798971	NCI_TARGET	sra,run.zq,fastq	Blood Derived Cancer - Bone Marrow\, Post-treatment	16016369805	TARGET: Acute Myeloid Leukemia (AML)	s3,gs,ncbi	RNA	RNA-Seq	SRP012000	PRJNA89525	SAMN01778628	PAIRED	cDNA	BCCAGSC	6.394015594572	6
SRR1798972	NCI_TARGET	sra,fastq,run.zq	Primary Blood Derived Cancer - Bone Marrow	11243267579	TARGET: Acute Myeloid Leukemia (AML)	gs,s3,ncbi	RNA	RNA-Seq	SRP012000	PRJNA89525	SAMN01778570	PAIRED	cDNA	BCCAGSC	6.405258862151	6
SRR1798973	NCI_TARGET	sra,fastq,run.zq	Primary Blood Derived Cancer - Bone Marrow	9919930101	TARGET: Acute Myeloid Leukemia (AML)	gs,ncbi,s3	RNA	RNA-Seq	SRP012000	PRJNA89525	SAMN01778627	PAIRED	cDNA	BCCAGSC	6.415178792252	6
SRR1798974	NCI_TARGET	sra,run.zq,fastq	Primary Blood Derived Cancer - Bone Marrow	9727237338	TARGET: Acute Myeloid Leukemia (AML)	ncbi,s3,gs	RNA	RNA-Seq	SRP012000	PRJNA89525	SAMN01778640	PAIRED	cDNA	BCCAGSC	6.42490602959	6
SRR1798976	NCI_TARGET	sra,run.zq,fastq	Primary Blood Derived Cancer - Bone Marrow	9413221003	TARGET: Acute Myeloid Leukemia (AML)	s3,gs,ncbi	RNA	RNA-Seq	SRP012000	PRJNA89525	SAMN01778648	PAIRED	cDNA	BCCAGSC	6.434319250593	6
SRR1798978	NCI_TARGET	run.zq,fastq,sra	Primary Blood Derived Cancer - Bone Marrow	12112233926	TARGET: Acute Myeloid Leukemia (AML)	gs,s3,ncbi	RNA	RNA-Seq	SRP012000	PRJNA89525	SAMN01778546	PAIRED	cDNA	BCCAGSC	6.446431484519	6
SRR1798979	NCI_TARGET	sra,fastq,run.zq	Blood Derived Cancer - Bone Marrow\, Post-treatment	10822331595	TARGET: Acute Myeloid Leukemia (AML)	ncbi,gs,s3	RNA	RNA-Seq	SRP012000	PRJNA89525	SAMN01778618	PAIRED	cDNA	BCCAGSC	6.457253816114	6
SRR1798980	NCI_TARGET	fastq,run.zq,sra	Blood Derived Cancer - Bone Marrow\, Post-treatment	8744694483	TARGET: Acute Myeloid Leukemia (AML)	gs,ncbi,s3	RNA	RNA-Seq	SRP012000	PRJNA89525	SAMN01778604	PAIRED	cDNA	BCCAGSC	6.465998510597	6
SRR1798981	NCI_TARGET	sra,fastq,run.zq	Primary Blood Derived Cancer - Bone Marrow	10498873784	TARGET: Acute Myeloid Leukemia (AML)	ncbi,gs,s3	RNA	RNA-Seq	SRP012000	PRJNA89525	SAMN01778589	PAIRED	cDNA	BCCAGSC	6.476497384381	6
SRR1798984	NCI_TARGET	sra,fastq,run.zq	Primary Blood Derived Cancer - Bone Marrow	15339001201	TARGET: Acute Myeloid Leukemia (AML)	ncbi,gs,s3	RNA	RNA-Seq	SRP012000	PRJNA89525	SAMN01778568	PAIRED	cDNA	BCCAGSC	6.491836385582	6
SRR1798985	NCI_TARGET	sra,run.zq,fastq	Blood Derived Cancer - Bone Marrow\, Post-treatment	10911891872	TARGET: Acute Myeloid Leukemia (AML)	gs,s3,ncbi	RNA	RNA-Seq	SRP012000	PRJNA89525	SAMN01778653	PAIRED	cDNA	BCCAGSC	6.502748277454	6
SRR1798986	NCI_TARGET	sra,run.zq,fastq	Primary Blood Derived Cancer - Bone Marrow	9295201785	TARGET: Acute Myeloid Leukemia (AML)	gs,ncbi,s3	RNA	RNA-Seq	SRP012000	PRJNA89525	SAMN01778648	PAIRED	cDNA	BCCAGSC	6.512043479239	6
SRR1798987	NCI_TARGET	sra,run.zq,fastq	Blood Derived Cancer - Bone Marrow\, Post-treatment	13807354330	TARGET: Acute Myeloid Leukemia (AML)	gs,ncbi,s3	RNA	RNA-Seq	SRP012000	PRJNA89525	SAMN01778649	PAIRED	cDNA	BCCAGSC	6.525850833569	6
SRR1798988	NCI_TARGET	run.zq,sra,fastq	Primary Blood Derived Cancer - Bone Marrow	11201533081	TARGET: Acute Myeloid Leukemia (AML)	ncbi,gs,s3	RNA	RNA-Seq	SRP012000	PRJNA89525	SAMN01778672	PAIRED	cDNA	BCCAGSC	6.53705236665	6
SRR1798989	NCI_TARGET	fastq,sra,run.zq	Primary Blood Derived Cancer - Bone Marrow	13134066092	TARGET: Acute Myeloid Leukemia (AML)	gs,ncbi,s3	RNA	RNA-Seq	SRP012000	PRJNA89525	SAMN01778680	PAIRED	cDNA	BCCAGSC	6.550186432742	6
SRR1798990	NCI_TARGET	run.zq,sra,fastq	Primary Blood Derived Cancer - Bone Marrow	11781620022	TARGET: Acute Myeloid Leukemia (AML)	s3,gs,ncbi	RNA	RNA-Seq	SRP012000	PRJNA89525	SAMN01778569	PAIRED	cDNA	BCCAGSC	6.561968052764	6
SRR1798991	NCI_TARGET	fastq,run.zq,sra	Blood Derived Cancer - Bone Marrow\, Post-treatment	12347227192	TARGET: Acute Myeloid Leukemia (AML)	gs,ncbi,s3	RNA	RNA-Seq	SRP012000	PRJNA89525	SAMN01778658	PAIRED	cDNA	BCCAGSC	6.574315279956	6
SRR1798992	NCI_TARGET	run.zq,sra,fastq	Blood Derived Cancer - Bone Marrow\, Post-treatment	9584750752	TARGET: Acute Myeloid Leukemia (AML)	gs,ncbi,s3	RNA	RNA-Seq	SRP012000	PRJNA89525	SAMN01778600	PAIRED	cDNA	BCCAGSC	6.583900030708	6
SRR1798993	NCI_TARGET	run.zq,fastq,sra	Blood Derived Cancer - Bone Marrow\, Post-treatment	9576104673	TARGET: Acute Myeloid Leukemia (AML)	ncbi,s3,gs	RNA	RNA-Seq	SRP012000	PRJNA89525	SAMN01778548	PAIRED	cDNA	BCCAGSC	6.593476135381	6
SRR1798994	NCI_TARGET	run.zq,sra,fastq	Blood Derived Cancer - Bone Marrow\, Post-treatment	14032277691	TARGET: Acute Myeloid Leukemia (AML)	s3,gs,ncbi	RNA	RNA-Seq	SRP012000	PRJNA89525	SAMN01778635	PAIRED	cDNA	BCCAGSC	6.607508413072	6
SRR1798995	NCI_TARGET	fastq,run.zq,sra	Blood Derived Cancer - Bone Marrow\, Post-treatment	14010718219	TARGET: Acute Myeloid Leukemia (AML)	s3,ncbi,gs	RNA	RNA-Seq	SRP012000	PRJNA89525	SAMN01778674	PAIRED	cDNA	BCCAGSC	6.621519131291	6
SRR1798996	NCI_TARGET	fastq,run.zq,sra	Blood Derived Cancer - Bone Marrow\, Post-treatment	17039527073	TARGET: Acute Myeloid Leukemia (AML)	ncbi,gs,s3	RNA	RNA-Seq	SRP012000	PRJNA89525	SAMN01778628	PAIRED	cDNA	BCCAGSC	6.638558658364	6
SRR1798998	NCI_TARGET	run.zq,fastq,sra	Blood Derived Cancer - Bone Marrow\, Post-treatment	8740830444	TARGET: Acute Myeloid Leukemia (AML)	ncbi,s3,gs	RNA	RNA-Seq	SRP012000	PRJNA89525	SAMN01778551	PAIRED	cDNA	BCCAGSC	6.647299488808	6
SRR1798999	NCI_TARGET	fastq,run.zq,sra	Blood Derived Cancer - Bone Marrow\, Post-treatment	10245171795	TARGET: Acute Myeloid Leukemia (AML)	ncbi,s3,gs	RNA	RNA-Seq	SRP012000	PRJNA89525	SAMN01778548	PAIRED	cDNA	BCCAGSC	6.657544660603	6
SRR1799001	NCI_TARGET	run.zq,fastq,sra	Primary Blood Derived Cancer - Bone Marrow	11018683945	TARGET: Acute Myeloid Leukemia (AML)	ncbi,s3,gs	RNA	RNA-Seq	SRP012000	PRJNA89525	SAMN01778664	PAIRED	cDNA	BCCAGSC	6.668563344548	6
SRR1799002	NCI_TARGET	fastq,run.zq,sra	Primary Blood Derived Cancer - Bone Marrow	11687054501	TARGET: Acute Myeloid Leukemia (AML)	ncbi,gs,s3	RNA	RNA-Seq	SRP012000	PRJNA89525	SAMN01778675	PAIRED	cDNA	BCCAGSC	6.680250399049	6
SRR1799004	NCI_TARGET	fastq,sra,run.zq	Blood Derived Cancer - Bone Marrow\, Post-treatment	10308652187	TARGET: Acute Myeloid Leukemia (AML)	gs,ncbi,s3	RNA	RNA-Seq	SRP012000	PRJNA89525	SAMN01778588	PAIRED	cDNA	BCCAGSC	6.690559051236	6
SRR1799005	NCI_TARGET	fastq,sra,run.zq	Blood Derived Cancer - Bone Marrow\, Post-treatment	8477166174	TARGET: Acute Myeloid Leukemia (AML)	s3,gs,ncbi	RNA	RNA-Seq	SRP012000	PRJNA89525	SAMN01778604	PAIRED	cDNA	BCCAGSC	6.69903621741	6
SRR1799006	NCI_TARGET	fastq,sra,run.zq	Blood Derived Cancer - Bone Marrow\, Post-treatment	11819617389	TARGET: Acute Myeloid Leukemia (AML)	gs,s3,ncbi	RNA	RNA-Seq	SRP012000	PRJNA89525	SAMN01778549	PAIRED	cDNA	BCCAGSC	6.710855834799	6
SRR1799007	NCI_TARGET	sra,run.zq,fastq	Blood Derived Cancer - Bone Marrow\, Post-treatment	10742756701	TARGET: Acute Myeloid Leukemia (AML)	gs,s3,ncbi	RNA	RNA-Seq	SRP012000	PRJNA89525	SAMN01778557	PAIRED	cDNA	BCCAGSC	6.7215985915	6
SRR1799009	NCI_TARGET	fastq,run.zq,sra	Blood Derived Cancer - Bone Marrow\, Post-treatment	10851698258	TARGET: Acute Myeloid Leukemia (AML)	s3,ncbi,gs	RNA	RNA-Seq	SRP012000	PRJNA89525	SAMN01778581	PAIRED	cDNA	BCCAGSC	6.732450289758	6
SRR1799010	NCI_TARGET	fastq,run.zq,sra	Primary Blood Derived Cancer - Bone Marrow	8288961379	TARGET: Acute Myeloid Leukemia (AML)	s3,gs,ncbi	RNA	RNA-Seq	SRP012000	PRJNA89525	SAMN01778634	PAIRED	cDNA	BCCAGSC	6.740739251137	6
SRR1799011	NCI_TARGET	sra,run.zq,fastq	Primary Blood Derived Cancer - Bone Marrow	10775361922	TARGET: Acute Myeloid Leukemia (AML)	s3,gs,ncbi	RNA	RNA-Seq	SRP012000	PRJNA89525	SAMN01778666	PAIRED	cDNA	BCCAGSC	6.751514613059	6
SRR1799013	NCI_TARGET	fastq,sra,run.zq	Blood Derived Cancer - Bone Marrow\, Post-treatment	10262869574	TARGET: Acute Myeloid Leukemia (AML)	ncbi,s3,gs	RNA	RNA-Seq	SRP012000	PRJNA89525	SAMN01778554	PAIRED	cDNA	BCCAGSC	6.761777482633	6
SRR1799014	NCI_TARGET	sra,fastq,run.zq	Primary Blood Derived Cancer - Bone Marrow	11261649338	TARGET: Acute Myeloid Leukemia (AML)	ncbi,gs,s3	RNA	RNA-Seq	SRP012000	PRJNA89525	SAMN01778587	PAIRED	cDNA	BCCAGSC	6.773039131971	6
SRR1799015	NCI_TARGET	run.zq,fastq,sra	Blood Derived Cancer - Bone Marrow\, Post-treatment	9611509135	TARGET: Acute Myeloid Leukemia (AML)	s3,ncbi,gs	RNA	RNA-Seq	SRP012000	PRJNA89525	SAMN01778613	PAIRED	cDNA	BCCAGSC	6.782650641106	6
SRR1799016	NCI_TARGET	fastq,run.zq,sra	Primary Blood Derived Cancer - Peripheral Blood	10332346249	TARGET: Acute Myeloid Leukemia (AML)	s3,ncbi,gs	RNA	RNA-Seq	SRP012000	PRJNA89525	SAMN01778605	PAIRED	cDNA	BCCAGSC	6.792982987355	6
SRR1799017	NCI_TARGET	fastq,sra,run.zq	Blood Derived Cancer - Bone Marrow\, Post-treatment	10696063702	TARGET: Acute Myeloid Leukemia (AML)	gs,s3,ncbi	RNA	RNA-Seq	SRP012000	PRJNA89525	SAMN01778549	PAIRED	cDNA	BCCAGSC	6.803679051057	6
SRR1799024	NCI_TARGET	fastq,run.zq,sra	Primary Blood Derived Cancer - Bone Marrow	5932399020	TARGET: Acute Myeloid Leukemia (AML)	s3,gs,ncbi	RNA	RNA-Seq	SRP012000	PRJNA89525	SAMN01778656	PAIRED	cDNA	BCCAGSC	6.809611450077	6
SRR1799026	NCI_TARGET	fastq,sra,run.zq	Blood Derived Cancer - Bone Marrow\, Post-treatment	9313650030	TARGET: Acute Myeloid Leukemia (AML)	ncbi,s3,gs	RNA	RNA-Seq	SRP012000	PRJNA89525	SAMN01778630	PAIRED	cDNA	BCCAGSC	6.818925100107	6
SRR1799027	NCI_TARGET	run.zq,sra,fastq	Blood Derived Cancer - Bone Marrow\, Post-treatment	11795926421	TARGET: Acute Myeloid Leukemia (AML)	s3,gs,ncbi	RNA	RNA-Seq	SRP012000	PRJNA89525	SAMN01778665	PAIRED	cDNA	BCCAGSC	6.830721026528	6
SRR1799028	NCI_TARGET	run.zq,fastq,sra	Primary Blood Derived Cancer - Bone Marrow	11417522690	TARGET: Acute Myeloid Leukemia (AML)	ncbi,s3,gs	RNA	RNA-Seq	SRP012000	PRJNA89525	SAMN01778550	PAIRED	cDNA	BCCAGSC	6.842138549218	6
SRR1799029	NCI_TARGET	sra,run.zq,fastq	Primary Blood Derived Cancer - Bone Marrow	12225306763	TARGET: Acute Myeloid Leukemia (AML)	ncbi,gs,s3	RNA	RNA-Seq	SRP012000	PRJNA89525	SAMN01778675	PAIRED	cDNA	BCCAGSC	6.854363855981	6
SRR1799030	NCI_TARGET	run.zq,sra,fastq	Blood Derived Cancer - Bone Marrow\, Post-treatment	11752396750	TARGET: Acute Myeloid Leukemia (AML)	ncbi,s3,gs	RNA	RNA-Seq	SRP012000	PRJNA89525	SAMN01778658	PAIRED	cDNA	BCCAGSC	6.866116252731	6
SRR1799031	NCI_TARGET	run.zq,fastq,sra	Blood Derived Cancer - Bone Marrow\, Post-treatment	15472113586	TARGET: Acute Myeloid Leukemia (AML)	gs,ncbi,s3	RNA	RNA-Seq	SRP012000	PRJNA89525	SAMN02260712	PAIRED	cDNA	BCCAGSC	6.881588366317	6
SRR1799032	NCI_TARGET	run.zq,sra,fastq	Blood Derived Cancer - Bone Marrow\, Post-treatment	10039231626	TARGET: Acute Myeloid Leukemia (AML)	gs,s3,ncbi	RNA	RNA-Seq	SRP012000	PRJNA89525	SAMN01778683	PAIRED	cDNA	BCCAGSC	6.891627597943	6
SRR1799038	NCI_TARGET	sra,run.zq,fastq	Primary Solid Tumor	16103672749	TARGET: Kidney\, Rhabdoid Tumor (RT)	gs,ncbi,s3	RNA	RNA-Seq	SRP012005	PRJNA89539	SAMN01778439	PAIRED	cDNA	BCCAGSC	6.907731270692	6
SRR1799044	NCI_TARGET	fastq,sra,run.zq	Primary Solid Tumor	12892094678	TARGET: Kidney\, Rhabdoid Tumor (RT)	gs,ncbi,s3	RNA	RNA-Seq	SRP012005	PRJNA89539	SAMN01778464	PAIRED	cDNA	BCCAGSC	6.92062336537	6
SRR1799049	NCI_TARGET	run.zq,fastq,sra	Primary Solid Tumor	11925342718	TARGET: Kidney\, Rhabdoid Tumor (RT)	gs,ncbi,s3	RNA	RNA-Seq	SRP012005	PRJNA89539	SAMN01778470	PAIRED	cDNA	BCCAGSC	6.932548708088	6
SRR1799051	NCI_TARGET	fastq,sra,run.zq	Primary Solid Tumor	13228126966	TARGET: Kidney\, Rhabdoid Tumor (RT)	gs,s3,ncbi	RNA	RNA-Seq	SRP012005	PRJNA89539	SAMN01778505	PAIRED	cDNA	BCCAGSC	6.945776835054	6
SRR1799052	NCI_TARGET	sra,run.zq,fastq	Solid Tissue Normal	12048250782	TARGET: Kidney\, Rhabdoid Tumor (RT)	gs,ncbi,s3	RNA	RNA-Seq	SRP012005	PRJNA89539	SAMN02443665	PAIRED	cDNA	BCCAGSC	6.957825085836	6
SRR1799053	NCI_TARGET	sra,fastq,run.zq	Primary Solid Tumor	14025080259	TARGET: Kidney\, Rhabdoid Tumor (RT)	gs,s3,ncbi	RNA	RNA-Seq	SRP012005	PRJNA89539	SAMN01778478	PAIRED	cDNA	BCCAGSC	6.971850166095	6
SRR1799054	NCI_TARGET	sra,fastq,run.zq	Primary Solid Tumor	15050832486	TARGET: Kidney\, Rhabdoid Tumor (RT)	ncbi,gs,s3	RNA	RNA-Seq	SRP012005	PRJNA89539	SAMN01778489	PAIRED	cDNA	BCCAGSC	6.9869009985810004	6
SRR1799055	NCI_TARGET	fastq,sra,run.zq	Primary Solid Tumor	14789139847	TARGET: Kidney\, Rhabdoid Tumor (RT)	ncbi,s3,gs	RNA	RNA-Seq	SRP012005	PRJNA89539	SAMN01778485	PAIRED	cDNA	BCCAGSC	7.001690138428	6
SRR1799056	NCI_TARGET	sra,run.zq,fastq	Solid Tissue Normal	12047145883	TARGET: Kidney\, Rhabdoid Tumor (RT)	ncbi,s3,gs	RNA	RNA-Seq	SRP012005	PRJNA89539	SAMN02443666	PAIRED	cDNA	BCCAGSC	7.013737284311	6
SRR1799060	NCI_TARGET	sra,run.zq,fastq	Primary Solid Tumor	15172433592	TARGET: Kidney\, Rhabdoid Tumor (RT)	s3,gs,ncbi	RNA	RNA-Seq	SRP012005	PRJNA89539	SAMN01778436	PAIRED	cDNA	BCCAGSC	7.028909717903	6
SRR1799063	NCI_TARGET	fastq,sra,run.zq	Primary Solid Tumor	15888354114	TARGET: Kidney\, Rhabdoid Tumor (RT)	s3,ncbi,gs	RNA	RNA-Seq	SRP012005	PRJNA89539	SAMN01778445	PAIRED	cDNA	BCCAGSC	7.044798072017	6
SRR1799065	NCI_TARGET	fastq,run.zq,sra	Solid Tissue Normal	7942758640	TARGET: Kidney\, Rhabdoid Tumor (RT)	ncbi,gs,s3	RNA	RNA-Seq	SRP012005	PRJNA89539	SAMN02443667	PAIRED	cDNA	BCCAGSC	7.052740830657	6
SRR1799066	NCI_TARGET	fastq,run.zq,sra	Primary Solid Tumor	10058151550	TARGET: Kidney\, Rhabdoid Tumor (RT)	gs,ncbi,s3	RNA	RNA-Seq	SRP012005	PRJNA89539	SAMN01778503	PAIRED	cDNA	BCCAGSC	7.062798982207	6
SRR1799070	NCI_TARGET	run.zq,sra,fastq	Primary Solid Tumor	12661318876	TARGET: Kidney\, Rhabdoid Tumor (RT)	ncbi,s3,gs	RNA	RNA-Seq	SRP012005	PRJNA89539	SAMN01778494	PAIRED	cDNA	BCCAGSC	7.075460301083	6
SRR1799072	NCI_TARGET	sra,fastq,run.zq	Primary Solid Tumor	13398534387	TARGET: Kidney\, Rhabdoid Tumor (RT)	ncbi,s3,gs	RNA	RNA-Seq	SRP012005	PRJNA89539	SAMN01778438	PAIRED	cDNA	BCCAGSC	7.08885883547	6
SRR1799075	NCI_TARGET	fastq,sra,run.zq	Primary Solid Tumor	9964580083	TARGET: Kidney\, Rhabdoid Tumor (RT)	ncbi,gs,s3	RNA	RNA-Seq	SRP012005	PRJNA89539	SAMN01778460	PAIRED	cDNA	BCCAGSC	7.098823415553	6
SRR1799076	NCI_TARGET	fastq,run.zq,sra	Primary Solid Tumor	12301996383	TARGET: Kidney\, Rhabdoid Tumor (RT)	ncbi,gs,s3	RNA	RNA-Seq	SRP012005	PRJNA89539	SAMN01778459	PAIRED	cDNA	BCCAGSC	7.111125411936	6
SRR1799077	NCI_TARGET	fastq,run.zq,sra	Primary Solid Tumor	11851147846	TARGET: Kidney\, Rhabdoid Tumor (RT)	ncbi,gs,s3	RNA	RNA-Seq	SRP012005	PRJNA89539	SAMN01778497	PAIRED	cDNA	BCCAGSC	7.122976559782	6
SRR1799079	NCI_TARGET	run.zq,sra,fastq	Primary Solid Tumor	15220173388	TARGET: Kidney\, Rhabdoid Tumor (RT)	ncbi,s3,gs	RNA	RNA-Seq	SRP012005	PRJNA89539	SAMN01778473	PAIRED	cDNA	BCCAGSC	7.13819673317	6
SRR1799080	NCI_TARGET	run.zq,sra,fastq	Primary Solid Tumor	13116117144	TARGET: Kidney\, Rhabdoid Tumor (RT)	ncbi,gs,s3	RNA	RNA-Seq	SRP012005	PRJNA89539	SAMN01778499	PAIRED	cDNA	BCCAGSC	7.151312850314	6
SRR4416257	NCI_TARGET	fastq,run.zq,sra	Primary Blood Derived Cancer - Bone Marrow	8828458107	TARGET: Acute Lymphoblastic Leukemia (ALL) Expansion Phase 2	gs,ncbi,s3	RNA	RNA-Seq	SRP011999	PRJNA89529	SAMN05784828	PAIRED	cDNA	BCCAGSC	7.160141308421	6
SRR4416258	NCI_TARGET	fastq,run.zq,sra	Primary Blood Derived Cancer - Bone Marrow	8613002792	TARGET: Acute Lymphoblastic Leukemia (ALL) Expansion Phase 2	gs,ncbi,s3	RNA	RNA-Seq	SRP011999	PRJNA89529	SAMN05784925	PAIRED	cDNA	BCCAGSC	7.168754311213	6
SRR4416259	NCI_TARGET	fastq,run.zq,sra	Primary Blood Derived Cancer - Bone Marrow	7284857660	TARGET: Acute Lymphoblastic Leukemia (ALL) Expansion Phase 2	gs,ncbi,s3	RNA	RNA-Seq	SRP011999	PRJNA89529	SAMN05784703	PAIRED	cDNA	BCCAGSC	7.176039168873	6
SRR4416260	NCI_TARGET	fastq,run.zq,sra	Primary Blood Derived Cancer - Bone Marrow	8132490173	TARGET: Acute Lymphoblastic Leukemia (ALL) Expansion Phase 2	gs,ncbi,s3	RNA	RNA-Seq	SRP011999	PRJNA89529	SAMN05784816	PAIRED	cDNA	BCCAGSC	7.184171659046	6
SRR4416261	NCI_TARGET	fastq,run.zq,sra	Primary Blood Derived Cancer - Bone Marrow	8858944151	TARGET: Acute Lymphoblastic Leukemia (ALL) Expansion Phase 2	gs,ncbi,s3	RNA	RNA-Seq	SRP011999	PRJNA89529	SAMN05784696	PAIRED	cDNA	BCCAGSC	7.193030603197	6
SRR4416262	NCI_TARGET	fastq,run.zq,sra	Primary Blood Derived Cancer - Bone Marrow	9094193364	TARGET: Acute Lymphoblastic Leukemia (ALL) Expansion Phase 2	gs,ncbi,s3	RNA	RNA-Seq	SRP011999	PRJNA89529	SAMN05784931	PAIRED	cDNA	BCCAGSC	7.202124796561	7
SRR4416263	NCI_TARGET	fastq,run.zq,sra	Primary Blood Derived Cancer - Peripheral Blood	8671115885	TARGET: Acute Lymphoblastic Leukemia (ALL) Expansion Phase 2	gs,ncbi,s3	RNA	RNA-Seq	SRP011999	PRJNA89529	SAMN05784921	PAIRED	cDNA	BCCAGSC	7.210795912446	7
SRR4416264	NCI_TARGET	fastq,run.zq,sra	Primary Blood Derived Cancer - Bone Marrow	7429980742	TARGET: Acute Lymphoblastic Leukemia (ALL) Expansion Phase 2	gs,ncbi,s3	RNA	RNA-Seq	SRP011999	PRJNA89529	SAMN05784790	PAIRED	cDNA	BCCAGSC	7.218225893188	7
SRR4416265	NCI_TARGET	fastq,run.zq,sra	Primary Blood Derived Cancer - Bone Marrow	7047037342	TARGET: Acute Lymphoblastic Leukemia (ALL) Expansion Phase 2	gs,ncbi,s3	RNA	RNA-Seq	SRP011999	PRJNA89529	SAMN05784645	PAIRED	cDNA	BCCAGSC	7.22527293053	7
SRR4416266	NCI_TARGET	fastq,run.zq,sra	Primary Blood Derived Cancer - Bone Marrow	9020947310	TARGET: Acute Lymphoblastic Leukemia (ALL) Expansion Phase 2	gs,ncbi,s3	RNA	RNA-Seq	SRP011999	PRJNA89529	SAMN05784667	PAIRED	cDNA	BCCAGSC	7.23429387784	7
SRR4416267	NCI_TARGET	fastq,run.zq,sra	Primary Blood Derived Cancer - Bone Marrow	7841639677	TARGET: Acute Lymphoblastic Leukemia (ALL) Expansion Phase 2	gs,ncbi,s3	RNA	RNA-Seq	SRP011999	PRJNA89529	SAMN05784738	PAIRED	cDNA	BCCAGSC	7.242135517517	7
SRR4416268	NCI_TARGET	fastq,run.zq,sra	Primary Blood Derived Cancer - Peripheral Blood	7719610144	TARGET: Acute Lymphoblastic Leukemia (ALL) Expansion Phase 2	gs,ncbi,s3	RNA	RNA-Seq	SRP011999	PRJNA89529	SAMN05784811	PAIRED	cDNA	BCCAGSC	7.249855127661	7
SRR4416269	NCI_TARGET	fastq,run.zq,sra	Primary Blood Derived Cancer - Bone Marrow	7147290426	TARGET: Acute Lymphoblastic Leukemia (ALL) Expansion Phase 2	gs,ncbi,s3	RNA	RNA-Seq	SRP011999	PRJNA89529	SAMN05784650	PAIRED	cDNA	BCCAGSC	7.257002418087	7
SRR4416270	NCI_TARGET	fastq,run.zq,sra	Primary Blood Derived Cancer - Peripheral Blood	9018087010	TARGET: Acute Lymphoblastic Leukemia (ALL) Expansion Phase 2	gs,ncbi,s3	RNA	RNA-Seq	SRP011999	PRJNA89529	SAMN05784722	PAIRED	cDNA	BCCAGSC	7.266020505097	7
SRR4416271	NCI_TARGET	fastq,run.zq,sra	Primary Blood Derived Cancer - Bone Marrow	7893701307	TARGET: Acute Lymphoblastic Leukemia (ALL) Expansion Phase 2	gs,ncbi,s3	RNA	RNA-Seq	SRP011999	PRJNA89529	SAMN05784852	PAIRED	cDNA	BCCAGSC	7.273914206404	7
SRR4416272	NCI_TARGET	fastq,run.zq,sra	Primary Blood Derived Cancer - Peripheral Blood	8654988983	TARGET: Acute Lymphoblastic Leukemia (ALL) Expansion Phase 2	gs,ncbi,s3	RNA	RNA-Seq	SRP011999	PRJNA89529	SAMN05784702	PAIRED	cDNA	BCCAGSC	7.282569195387	7
SRR4416273	NCI_TARGET	fastq,run.zq,sra	Primary Blood Derived Cancer - Bone Marrow	8424388439	TARGET: Acute Lymphoblastic Leukemia (ALL) Expansion Phase 2	gs,ncbi,s3	RNA	RNA-Seq	SRP011999	PRJNA89529	SAMN05784728	PAIRED	cDNA	BCCAGSC	7.290993583826	7
SRR4416274	NCI_TARGET	fastq,run.zq,sra	Primary Blood Derived Cancer - Bone Marrow	7228394277	TARGET: Acute Lymphoblastic Leukemia (ALL) Expansion Phase 2	gs,ncbi,s3	RNA	RNA-Seq	SRP011999	PRJNA89529	SAMN05784879	PAIRED	cDNA	BCCAGSC	7.298221978103	7
SRR4416275	NCI_TARGET	fastq,run.zq,sra	Primary Blood Derived Cancer - Peripheral Blood	8491560640	TARGET: Acute Lymphoblastic Leukemia (ALL) Expansion Phase 2	gs,ncbi,s3	RNA	RNA-Seq	SRP011999	PRJNA89529	SAMN05784748	PAIRED	cDNA	BCCAGSC	7.306713538743	7
SRR4416276	NCI_TARGET	fastq,run.zq,sra	Primary Blood Derived Cancer - Peripheral Blood	9338848669	TARGET: Acute Lymphoblastic Leukemia (ALL) Expansion Phase 2	gs,ncbi,s3	RNA	RNA-Seq	SRP011999	PRJNA89529	SAMN05784911	PAIRED	cDNA	BCCAGSC	7.316052387412	7
SRR4416277	NCI_TARGET	fastq,run.zq,sra	Primary Blood Derived Cancer - Bone Marrow	8132460376	TARGET: Acute Lymphoblastic Leukemia (ALL) Expansion Phase 2	gs,ncbi,s3	RNA	RNA-Seq	SRP011999	PRJNA89529	SAMN05784705	PAIRED	cDNA	BCCAGSC	7.324184847788	7
SRR4416278	NCI_TARGET	fastq,run.zq,sra	Primary Blood Derived Cancer - Bone Marrow	9635795079	TARGET: Acute Lymphoblastic Leukemia (ALL) Expansion Phase 2	gs,ncbi,s3	RNA	RNA-Seq	SRP011999	PRJNA89529	SAMN05784686	PAIRED	cDNA	BCCAGSC	7.333820642867	7
SRR4416279	NCI_TARGET	fastq,run.zq,sra	Primary Blood Derived Cancer - Peripheral Blood	7983681794	TARGET: Acute Lymphoblastic Leukemia (ALL) Expansion Phase 2	gs,ncbi,s3	RNA	RNA-Seq	SRP011999	PRJNA89529	SAMN05784893	PAIRED	cDNA	BCCAGSC	7.341804324661	7
SRR4416280	NCI_TARGET	fastq,run.zq,sra	Primary Blood Derived Cancer - Peripheral Blood	8932095094	TARGET: Acute Lymphoblastic Leukemia (ALL) Expansion Phase 2	gs,ncbi,s3	RNA	RNA-Seq	SRP011999	PRJNA89529	SAMN05784838	PAIRED	cDNA	BCCAGSC	7.350736419755	7
SRR4416281	NCI_TARGET	fastq,run.zq,sra	Primary Blood Derived Cancer - Bone Marrow	7298690324	TARGET: Acute Lymphoblastic Leukemia (ALL) Expansion Phase 2	gs,ncbi,s3	RNA	RNA-Seq	SRP011999	PRJNA89529	SAMN05784713	PAIRED	cDNA	BCCAGSC	7.358035110079	7
SRR4416282	NCI_TARGET	fastq,run.zq,sra	Primary Blood Derived Cancer - Peripheral Blood	8527278595	TARGET: Acute Lymphoblastic Leukemia (ALL) Expansion Phase 2	gs,ncbi,s3	RNA	RNA-Seq	SRP011999	PRJNA89529	SAMN05784897	PAIRED	cDNA	BCCAGSC	7.366562388674	7
SRR4416283	NCI_TARGET	fastq,run.zq,sra	Primary Blood Derived Cancer - Bone Marrow	9170947873	TARGET: Acute Lymphoblastic Leukemia (ALL) Expansion Phase 2	gs,ncbi,s3	RNA	RNA-Seq	SRP011999	PRJNA89529	SAMN05784726	PAIRED	cDNA	BCCAGSC	7.375733336547	7
SRR4416284	NCI_TARGET	fastq,run.zq,sra	Primary Blood Derived Cancer - Bone Marrow	7924652166	TARGET: Acute Lymphoblastic Leukemia (ALL) Expansion Phase 2	gs,ncbi,s3	RNA	RNA-Seq	SRP011999	PRJNA89529	SAMN05784773	PAIRED	cDNA	BCCAGSC	7.383657988713	7
SRR4416285	NCI_TARGET	fastq,run.zq,sra	Primary Blood Derived Cancer - Bone Marrow	10662003658	TARGET: Acute Lymphoblastic Leukemia (ALL) Expansion Phase 2	gs,ncbi,s3	RNA	RNA-Seq	SRP011999	PRJNA89529	SAMN05784854	PAIRED	cDNA	BCCAGSC	7.394319992371	7
SRR4416286	NCI_TARGET	fastq,run.zq,sra	Primary Blood Derived Cancer - Bone Marrow	9215542962	TARGET: Acute Lymphoblastic Leukemia (ALL) Expansion Phase 2	gs,ncbi,s3	RNA	RNA-Seq	SRP011999	PRJNA89529	SAMN05784915	PAIRED	cDNA	BCCAGSC	7.403535535333	7
SRR4416287	NCI_TARGET	fastq,run.zq,sra	Primary Blood Derived Cancer - Peripheral Blood	7519269796	TARGET: Acute Lymphoblastic Leukemia (ALL) Expansion Phase 2	gs,ncbi,s3	RNA	RNA-Seq	SRP011999	PRJNA89529	SAMN05784709	PAIRED	cDNA	BCCAGSC	7.411054805129	7
SRR4416288	NCI_TARGET	fastq,run.zq,sra	Primary Blood Derived Cancer - Peripheral Blood	8752573611	TARGET: Acute Lymphoblastic Leukemia (ALL) Expansion Phase 2	gs,ncbi,s3	RNA	RNA-Seq	SRP011999	PRJNA89529	SAMN05784784	PAIRED	cDNA	BCCAGSC	7.41980737874	7
SRR4416289	NCI_TARGET	fastq,run.zq,sra	Primary Blood Derived Cancer - Bone Marrow	8179825457	TARGET: Acute Lymphoblastic Leukemia (ALL) Expansion Phase 2	gs,ncbi,s3	RNA	RNA-Seq	SRP011999	PRJNA89529	SAMN05784882	PAIRED	cDNA	BCCAGSC	7.427987204197	7
SRR4416290	NCI_TARGET	fastq,run.zq,sra	Primary Blood Derived Cancer - Bone Marrow	7610789619	TARGET: Acute Lymphoblastic Leukemia (ALL) Expansion Phase 2	gs,ncbi,s3	RNA	RNA-Seq	SRP011999	PRJNA89529	SAMN05784730	PAIRED	cDNA	BCCAGSC	7.435597993816	7
SRR4416291	NCI_TARGET	fastq,run.zq,sra	Primary Blood Derived Cancer - Bone Marrow	7490087852	TARGET: Acute Lymphoblastic Leukemia (ALL) Expansion Phase 2	gs,ncbi,s3	RNA	RNA-Seq	SRP011999	PRJNA89529	SAMN05784734	PAIRED	cDNA	BCCAGSC	7.443088081668	7
SRR4416292	NCI_TARGET	fastq,run.zq,sra	Primary Blood Derived Cancer - Peripheral Blood	10420939455	TARGET: Acute Lymphoblastic Leukemia (ALL) Expansion Phase 2	gs,ncbi,s3	RNA	RNA-Seq	SRP011999	PRJNA89529	SAMN05784751	PAIRED	cDNA	BCCAGSC	7.453509021123	7
SRR4416293	NCI_TARGET	fastq,run.zq,sra	Primary Blood Derived Cancer - Bone Marrow	7903090482	TARGET: Acute Lymphoblastic Leukemia (ALL) Expansion Phase 2	gs,ncbi,s3	RNA	RNA-Seq	SRP011999	PRJNA89529	SAMN05784822	PAIRED	cDNA	BCCAGSC	7.461412111605	7
SRR4416294	NCI_TARGET	fastq,run.zq,sra	Primary Blood Derived Cancer - Peripheral Blood	6784439706	TARGET: Acute Lymphoblastic Leukemia (ALL) Expansion Phase 2	gs,ncbi,s3	RNA	RNA-Seq	SRP011999	PRJNA89529	SAMN05784927	PAIRED	cDNA	BCCAGSC	7.468196551311	7
SRR4416295	NCI_TARGET	fastq,run.zq,sra	Primary Blood Derived Cancer - Peripheral Blood	7227557962	TARGET: Acute Lymphoblastic Leukemia (ALL) Expansion Phase 2	gs,ncbi,s3	RNA	RNA-Seq	SRP011999	PRJNA89529	SAMN05784694	PAIRED	cDNA	BCCAGSC	7.475424109273	7
SRR4416296	NCI_TARGET	fastq,run.zq,sra	Primary Blood Derived Cancer - Bone Marrow	7646174909	TARGET: Acute Lymphoblastic Leukemia (ALL) Expansion Phase 2	gs,ncbi,s3	RNA	RNA-Seq	SRP011999	PRJNA89529	SAMN05784862	PAIRED	cDNA	BCCAGSC	7.483070284182	7
SRR4416298	NCI_TARGET	fastq,run.zq,sra	Primary Blood Derived Cancer - Peripheral Blood	7876735277	TARGET: Acute Lymphoblastic Leukemia (ALL) Expansion Phase 2	gs,ncbi,s3	RNA	RNA-Seq	SRP011999	PRJNA89529	SAMN05784831	PAIRED	cDNA	BCCAGSC	7.490947019459	7
SRR4416299	NCI_TARGET	fastq,run.zq,sra	Primary Blood Derived Cancer - Bone Marrow	8207966596	TARGET: Acute Lymphoblastic Leukemia (ALL) Expansion Phase 2	gs,ncbi,s3	RNA	RNA-Seq	SRP011999	PRJNA89529	SAMN05784891	PAIRED	cDNA	BCCAGSC	7.499154986055	7
SRR4416300	NCI_TARGET	fastq,run.zq,sra	Primary Blood Derived Cancer - Peripheral Blood	8581154145	TARGET: Acute Lymphoblastic Leukemia (ALL) Expansion Phase 2	gs,ncbi,s3	RNA	RNA-Seq	SRP011999	PRJNA89529	SAMN05784761	PAIRED	cDNA	BCCAGSC	7.5077361402	7
SRR4416301	NCI_TARGET	fastq,run.zq,sra	Primary Blood Derived Cancer - Bone Marrow	7568668509	TARGET: Acute Lymphoblastic Leukemia (ALL) Expansion Phase 2	gs,ncbi,s3	RNA	RNA-Seq	SRP011999	PRJNA89529	SAMN05784656	PAIRED	cDNA	BCCAGSC	7.515304808709	7
SRR4416302	NCI_TARGET	fastq,run.zq,sra	Primary Blood Derived Cancer - Bone Marrow	8605900723	TARGET: Acute Lymphoblastic Leukemia (ALL) Expansion Phase 2	gs,ncbi,s3	RNA	RNA-Seq	SRP011999	PRJNA89529	SAMN05784813	PAIRED	cDNA	BCCAGSC	7.523910709432	7
SRR4416303	NCI_TARGET	fastq,run.zq,sra	Primary Blood Derived Cancer - Bone Marrow	8341277979	TARGET: Acute Lymphoblastic Leukemia (ALL) Expansion Phase 2	gs,ncbi,s3	RNA	RNA-Seq	SRP011999	PRJNA89529	SAMN05784781	PAIRED	cDNA	BCCAGSC	7.532251987411	7
SRR4416304	NCI_TARGET	fastq,run.zq,sra	Primary Blood Derived Cancer - Bone Marrow	8054343247	TARGET: Acute Lymphoblastic Leukemia (ALL) Expansion Phase 2	gs,ncbi,s3	RNA	RNA-Seq	SRP011999	PRJNA89529	SAMN05784834	PAIRED	cDNA	BCCAGSC	7.540306330658	7
SRR4376025	NCI_TARGET	fastq,run.zq,sra	Primary Blood Derived Cancer - Bone Marrow	7602932410	TARGET: Acute Lymphoblastic Leukemia (ALL) Expansion Phase 2	gs,ncbi,s3	RNA	RNA-Seq	SRP011999	PRJNA89529	SAMN05784712	PAIRED	cDNA	BCCAGSC	7.547909263068	7
SRR4376026	NCI_TARGET	fastq,run.zq,sra	Primary Blood Derived Cancer - Bone Marrow	7895024655	TARGET: Acute Lymphoblastic Leukemia (ALL) Expansion Phase 2	gs,ncbi,s3	RNA	RNA-Seq	SRP011999	PRJNA89529	SAMN05784664	PAIRED	cDNA	BCCAGSC	7.555804287723	7
SRR4376027	NCI_TARGET	fastq,run.zq,sra	Primary Blood Derived Cancer - Bone Marrow	7450059229	TARGET: Acute Lymphoblastic Leukemia (ALL) Expansion Phase 2	gs,ncbi,s3	RNA	RNA-Seq	SRP011999	PRJNA89529	SAMN05784883	PAIRED	cDNA	BCCAGSC	7.563254346952	7
SRR4376028	NCI_TARGET	fastq,run.zq,sra	Primary Blood Derived Cancer - Bone Marrow	6320535538	TARGET: Acute Lymphoblastic Leukemia (ALL) Expansion Phase 2	gs,ncbi,s3	RNA	RNA-Seq	SRP011999	PRJNA89529	SAMN05784699	PAIRED	cDNA	BCCAGSC	7.56957488249	7
SRR4376030	NCI_TARGET	fastq,run.zq,sra	Primary Blood Derived Cancer - Bone Marrow	8377022159	TARGET: Acute Lymphoblastic Leukemia (ALL) Expansion Phase 2	gs,ncbi,s3	RNA	RNA-Seq	SRP011999	PRJNA89529	SAMN05784889	PAIRED	cDNA	BCCAGSC	7.577951904649	7
SRR4376031	NCI_TARGET	fastq,run.zq,sra	Primary Blood Derived Cancer - Bone Marrow	6884926328	TARGET: Acute Lymphoblastic Leukemia (ALL) Expansion Phase 2	gs,ncbi,s3	RNA	RNA-Seq	SRP011999	PRJNA89529	SAMN05784669	PAIRED	cDNA	BCCAGSC	7.584836830977	7
SRR4376032	NCI_TARGET	fastq,run.zq,sra	Primary Blood Derived Cancer - Bone Marrow	5289768246	TARGET: Acute Lymphoblastic Leukemia (ALL) Expansion Phase 2	gs,ncbi,s3	RNA	RNA-Seq	SRP011999	PRJNA89529	SAMN05784812	PAIRED	cDNA	BCCAGSC	7.590126599223	7
SRR4376033	NCI_TARGET	fastq,run.zq,sra	Primary Blood Derived Cancer - Peripheral Blood	7822121134	TARGET: Acute Lymphoblastic Leukemia (ALL) Expansion Phase 2	gs,ncbi,s3	RNA	RNA-Seq	SRP011999	PRJNA89529	SAMN05784821	PAIRED	cDNA	BCCAGSC	7.597948720357	7
SRR4376034	NCI_TARGET	fastq,run.zq,sra	Primary Blood Derived Cancer - Bone Marrow	7321301654	TARGET: Acute Lymphoblastic Leukemia (ALL) Expansion Phase 2	gs,ncbi,s3	RNA	RNA-Seq	SRP011999	PRJNA89529	SAMN05784638	PAIRED	cDNA	BCCAGSC	7.605270022011	7
SRR4376035	NCI_TARGET	fastq,run.zq,sra	Primary Blood Derived Cancer - Bone Marrow	7945871653	TARGET: Acute Lymphoblastic Leukemia (ALL) Expansion Phase 2	gs,ncbi,s3	RNA	RNA-Seq	SRP011999	PRJNA89529	SAMN05784887	PAIRED	cDNA	BCCAGSC	7.613215893664	7
SRR4376036	NCI_TARGET	fastq,run.zq,sra	Primary Blood Derived Cancer - Bone Marrow	5250958708	TARGET: Acute Lymphoblastic Leukemia (ALL) Expansion Phase 2	gs,ncbi,s3	RNA	RNA-Seq	SRP011999	PRJNA89529	SAMN05784758	PAIRED	cDNA	BCCAGSC	7.618466852372	7
SRR4376037	NCI_TARGET	fastq,run.zq,sra	Primary Blood Derived Cancer - Bone Marrow	8120680193	TARGET: Acute Lymphoblastic Leukemia (ALL) Expansion Phase 2	gs,ncbi,s3	RNA	RNA-Seq	SRP011999	PRJNA89529	SAMN05784769	PAIRED	cDNA	BCCAGSC	7.626587532565	7
SRR4376038	NCI_TARGET	fastq,run.zq,sra	Primary Blood Derived Cancer - Bone Marrow	7751979583	TARGET: Acute Lymphoblastic Leukemia (ALL) Expansion Phase 2	gs,ncbi,s3	RNA	RNA-Seq	SRP011999	PRJNA89529	SAMN05784899	PAIRED	cDNA	BCCAGSC	7.634339512148	7
SRR4376039	NCI_TARGET	fastq,run.zq,sra	Primary Blood Derived Cancer - Bone Marrow	7249996595	TARGET: Acute Lymphoblastic Leukemia (ALL) Expansion Phase 2	gs,ncbi,s3	RNA	RNA-Seq	SRP011999	PRJNA89529	SAMN05784843	PAIRED	cDNA	BCCAGSC	7.641589508743	7
SRR4376040	NCI_TARGET	fastq,run.zq,sra	Primary Blood Derived Cancer - Bone Marrow	7747702256	TARGET: Acute Lymphoblastic Leukemia (ALL) Expansion Phase 2	gs,ncbi,s3	RNA	RNA-Seq	SRP011999	PRJNA89529	SAMN05784733	PAIRED	cDNA	BCCAGSC	7.649337210999	7
SRR4376041	NCI_TARGET	fastq,run.zq,sra	Recurrent Blood Derived Cancer - Bone Marrow	7414072790	TARGET: Acute Lymphoblastic Leukemia (ALL) Expansion Phase 2	gs,ncbi,s3	RNA	RNA-Seq	SRP011999	PRJNA89529	SAMN05784725	PAIRED	cDNA	BCCAGSC	7.656751283789	7
SRR4376042	NCI_TARGET	fastq,run.zq,sra	Primary Blood Derived Cancer - Bone Marrow	9368303694	TARGET: Acute Lymphoblastic Leukemia (ALL) Expansion Phase 2	gs,ncbi,s3	RNA	RNA-Seq	SRP011999	PRJNA89529	SAMN05784810	PAIRED	cDNA	BCCAGSC	7.666119587483	7
SRR4376043	NCI_TARGET	fastq,run.zq,sra	Primary Blood Derived Cancer - Peripheral Blood	7094522497	TARGET: Acute Lymphoblastic Leukemia (ALL) Expansion Phase 2	gs,ncbi,s3	RNA	RNA-Seq	SRP011999	PRJNA89529	SAMN05784658	PAIRED	cDNA	BCCAGSC	7.67321410998	7
SRR4376044	NCI_TARGET	fastq,run.zq,sra	Primary Blood Derived Cancer - Bone Marrow	5136926993	TARGET: Acute Lymphoblastic Leukemia (ALL) Expansion Phase 2	gs,ncbi,s3	RNA	RNA-Seq	SRP011999	PRJNA89529	SAMN05784837	PAIRED	cDNA	BCCAGSC	7.678351036973	7
SRR4376045	NCI_TARGET	fastq,run.zq,sra	Primary Blood Derived Cancer - Bone Marrow	8171043582	TARGET: Acute Lymphoblastic Leukemia (ALL) Expansion Phase 2	gs,ncbi,s3	RNA	RNA-Seq	SRP011999	PRJNA89529	SAMN05784877	PAIRED	cDNA	BCCAGSC	7.686522080555	7
SRR4376046	NCI_TARGET	fastq,run.zq,sra	Primary Blood Derived Cancer - Bone Marrow	6462413944	TARGET: Acute Lymphoblastic Leukemia (ALL) Expansion Phase 2	gs,ncbi,s3	RNA	RNA-Seq	SRP011999	PRJNA89529	SAMN05784874	PAIRED	cDNA	BCCAGSC	7.692984494499	7
SRR4376047	NCI_TARGET	fastq,run.zq,sra	Primary Blood Derived Cancer - Bone Marrow	6690627289	TARGET: Acute Lymphoblastic Leukemia (ALL) Expansion Phase 2	gs,ncbi,s3	RNA	RNA-Seq	SRP011999	PRJNA89529	SAMN05784930	PAIRED	cDNA	BCCAGSC	7.699675121788	7
SRR4376048	NCI_TARGET	fastq,run.zq,sra	Primary Blood Derived Cancer - Bone Marrow	6972609091	TARGET: Acute Lymphoblastic Leukemia (ALL) Expansion Phase 2	gs,ncbi,s3	RNA	RNA-Seq	SRP011999	PRJNA89529	SAMN05784716	PAIRED	cDNA	BCCAGSC	7.706647730879	7
SRR4376049	NCI_TARGET	fastq,run.zq,sra	Primary Blood Derived Cancer - Bone Marrow	7060892839	TARGET: Acute Lymphoblastic Leukemia (ALL) Expansion Phase 2	gs,ncbi,s3	RNA	RNA-Seq	SRP011999	PRJNA89529	SAMN05784835	PAIRED	cDNA	BCCAGSC	7.713708623718	7
SRR4376050	NCI_TARGET	fastq,run.zq,sra	Primary Blood Derived Cancer - Bone Marrow	6849294218	TARGET: Acute Lymphoblastic Leukemia (ALL) Expansion Phase 2	gs,ncbi,s3	RNA	RNA-Seq	SRP011999	PRJNA89529	SAMN05784673	PAIRED	cDNA	BCCAGSC	7.720557917936	7
SRR4376051	NCI_TARGET	fastq,run.zq,sra	Primary Blood Derived Cancer - Bone Marrow	6393211084	TARGET: Acute Lymphoblastic Leukemia (ALL) Expansion Phase 2	gs,ncbi,s3	RNA	RNA-Seq	SRP011999	PRJNA89529	SAMN05784928	PAIRED	cDNA	BCCAGSC	7.72695112902	7
SRR1559031	NCI_TARGET	fastq,sra	Primary Solid Tumor	9005021106	TARGET: Neuroblastoma (NBL)	gs,ncbi,s3	RNA	RNA-Seq	SRP012002	PRJNA89523	SAMN02443449	PAIRED	other	NCI-KHAN	7.735956150126	7
SRR1559032	NCI_TARGET	fastq,sra	Primary Solid Tumor	11813002306	TARGET: Neuroblastoma (NBL)	gs,ncbi,s3	RNA	RNA-Seq	SRP012002	PRJNA89523	SAMN02443435	PAIRED	other	NCI-KHAN	7.747769152432	7
SRR1559033	NCI_TARGET	fastq,sra	Primary Solid Tumor	5807758274	TARGET: Neuroblastoma (NBL)	gs,ncbi,s3	RNA	RNA-Seq	SRP012002	PRJNA89523	SAMN02443527	PAIRED	other	NCI-KHAN	7.753576910706	7
SRR1559034	NCI_TARGET	fastq,sra	Primary Solid Tumor	12743496868	TARGET: Neuroblastoma (NBL)	gs,ncbi,s3	RNA	RNA-Seq	SRP012002	PRJNA89523	SAMN02443546	PAIRED	other	NCI-KHAN	7.766320407574	7
SRR1559035	NCI_TARGET	fastq,sra	Primary Solid Tumor	8761898717	TARGET: Neuroblastoma (NBL)	gs,ncbi,s3	RNA	RNA-Seq	SRP012002	PRJNA89523	SAMN02443514	PAIRED	other	NCI-KHAN	7.775082306291	7
SRR1559036	NCI_TARGET	fastq,sra	Primary Solid Tumor	9060106558	TARGET: Neuroblastoma (NBL)	gs,ncbi,s3	RNA	RNA-Seq	SRP012002	PRJNA89523	SAMN02443450	PAIRED	other	NCI-KHAN	7.784142412849	7
SRR1559037	NCI_TARGET	fastq,sra	Primary Solid Tumor	10259374552	TARGET: Neuroblastoma (NBL)	gs,ncbi,s3	RNA	RNA-Seq	SRP012002	PRJNA89523	SAMN02443549	PAIRED	other	NCI-KHAN	7.794401787401	7
SRR1559038	NCI_TARGET	fastq,run.zq,sra	Primary Solid Tumor	28928088817	TARGET: Neuroblastoma (NBL)	gs,ncbi,s3	RNA	RNA-Seq	SRP012002	PRJNA89523	SAMN02443487	PAIRED	other	NCI-KHAN	7.823329876218	7
SRR1559039	NCI_TARGET	fastq,sra	Primary Solid Tumor	8475016570	TARGET: Neuroblastoma (NBL)	gs,ncbi,s3	RNA	RNA-Seq	SRP012002	PRJNA89523	SAMN02443577	PAIRED	other	NCI-KHAN	7.831804892788	7
SRR1559040	NCI_TARGET	fastq,sra	Primary Solid Tumor	10560395169	TARGET: Neuroblastoma (NBL)	gs,ncbi,s3	RNA	RNA-Seq	SRP012002	PRJNA89523	SAMN02443430	PAIRED	other	NCI-KHAN	7.842365287957	7
SRR1559041	NCI_TARGET	fastq,sra	Primary Solid Tumor	8967398294	TARGET: Neuroblastoma (NBL)	gs,ncbi,s3	RNA	RNA-Seq	SRP012002	PRJNA89523	SAMN02443447	PAIRED	other	NCI-KHAN	7.851332686251	7
SRR1559042	NCI_TARGET	fastq,run.zq,sra	Primary Solid Tumor	9094246828	TARGET: Neuroblastoma (NBL)	gs,ncbi,s3	RNA	RNA-Seq	SRP012002	PRJNA89523	SAMN02443453	PAIRED	other	NCI-KHAN	7.860426933079	7
SRR1559045	NCI_TARGET	fastq,sra	Primary Solid Tumor	9939871041	TARGET: Neuroblastoma (NBL)	gs,ncbi,s3	RNA	RNA-Seq	SRP012002	PRJNA89523	SAMN02443517	PAIRED	other	NCI-KHAN	7.87036680412	7
SRR1559046	NCI_TARGET	fastq,sra	Primary Solid Tumor	10446965766	TARGET: Neuroblastoma (NBL)	gs,ncbi,s3	RNA	RNA-Seq	SRP012002	PRJNA89523	SAMN02443579	PAIRED	other	NCI-KHAN	7.880813769886	7
SRR1559047	NCI_TARGET	fastq,sra	Primary Solid Tumor	11683276540	TARGET: Neuroblastoma (NBL)	gs,ncbi,s3	RNA	RNA-Seq	SRP012002	PRJNA89523	SAMN00116533	PAIRED	other	NCI-KHAN	7.892497046426	7
SRR1559048	NCI_TARGET	fastq,sra	Primary Solid Tumor	9662772594	TARGET: Neuroblastoma (NBL)	gs,ncbi,s3	RNA	RNA-Seq	SRP012002	PRJNA89523	SAMN02443565	PAIRED	other	NCI-KHAN	7.90215981902	7
SRR1559049	NCI_TARGET	fastq,sra	Primary Solid Tumor	8455004562	TARGET: Neuroblastoma (NBL)	gs,ncbi,s3	RNA	RNA-Seq	SRP012002	PRJNA89523	SAMN02443428	PAIRED	other	NCI-KHAN	7.910614823582	7
SRR1559050	NCI_TARGET	fastq,sra	Primary Solid Tumor	8670278134	TARGET: Neuroblastoma (NBL)	gs,ncbi,s3	RNA	RNA-Seq	SRP012002	PRJNA89523	SAMN02443421	PAIRED	other	NCI-KHAN	7.919285101716	7
SRR1559051	NCI_TARGET	fastq,run.zq,sra	Primary Solid Tumor	27704496111	TARGET: Neuroblastoma (NBL)	gs,ncbi,s3	RNA	RNA-Seq	SRP012002	PRJNA89523	SAMN02443578	PAIRED	other	NCI-KHAN	7.946989597827	7
SRR1559053	NCI_TARGET	fastq,sra	Primary Solid Tumor	9397849758	TARGET: Neuroblastoma (NBL)	gs,ncbi,s3	RNA	RNA-Seq	SRP012002	PRJNA89523	SAMN02443506	PAIRED	other	NCI-KHAN	7.956387447585	7
SRR1559055	NCI_TARGET	fastq,sra	Primary Solid Tumor	8730996873	TARGET: Neuroblastoma (NBL)	gs,ncbi,s3	RNA	RNA-Seq	SRP012002	PRJNA89523	SAMN02443454	PAIRED	other	NCI-KHAN	7.965118444458	7
SRR1559056	NCI_TARGET	fastq,run.zq,sra	Primary Solid Tumor	11906646667	TARGET: Neuroblastoma (NBL)	gs,ncbi,s3	RNA	RNA-Seq	SRP012002	PRJNA89523	SAMN02443466	PAIRED	other	NCI-KHAN	7.977025091125	7
SRR1559057	NCI_TARGET	fastq,run.zq,sra	Primary Solid Tumor	12427992629	TARGET: Neuroblastoma (NBL)	gs,ncbi,s3	RNA	RNA-Seq	SRP012002	PRJNA89523	SAMN02443417	PAIRED	other	NCI-KHAN	7.989453083754	7
SRR1559058	NCI_TARGET	fastq,sra	Primary Solid Tumor	6606411771	TARGET: Neuroblastoma (NBL)	gs,ncbi,s3	RNA	RNA-Seq	SRP012002	PRJNA89523	SAMN02443503	PAIRED	other	NCI-KHAN	7.996059495525	7
SRR1559059	NCI_TARGET	fastq,run.zq,sra	Primary Solid Tumor	12422908207	TARGET: Neuroblastoma (NBL)	gs,ncbi,s3	RNA	RNA-Seq	SRP012002	PRJNA89523	SAMN02443563	PAIRED	other	NCI-KHAN	8.008482403732	7
SRR1559060	NCI_TARGET	fastq,sra	Primary Solid Tumor	8073956071	TARGET: Neuroblastoma (NBL)	gs,ncbi,s3	RNA	RNA-Seq	SRP012002	PRJNA89523	SAMN02443573	PAIRED	other	NCI-KHAN	8.016556359803	7
SRR1559061	NCI_TARGET	fastq,sra	Primary Solid Tumor	9699793472	TARGET: Neuroblastoma (NBL)	gs,ncbi,s3	RNA	RNA-Seq	SRP012002	PRJNA89523	SAMN02443483	PAIRED	other	NCI-KHAN	8.026256153275	7
SRR1559062	NCI_TARGET	fastq,sra	Primary Solid Tumor	10342257319	TARGET: Neuroblastoma (NBL)	gs,ncbi,s3	RNA	RNA-Seq	SRP012002	PRJNA89523	SAMN02724432	PAIRED	other	NCI-KHAN	8.036598410594	7
SRR1559063	NCI_TARGET	fastq,sra	Primary Solid Tumor	8833154363	TARGET: Neuroblastoma (NBL)	gs,ncbi,s3	RNA	RNA-Seq	SRP012002	PRJNA89523	SAMN02443416	PAIRED	other	NCI-KHAN	8.045431564957	7
SRR1559064	NCI_TARGET	fastq,sra	Primary Solid Tumor	10071598058	TARGET: Neuroblastoma (NBL)	gs,ncbi,s3	RNA	RNA-Seq	SRP012002	PRJNA89523	SAMN02443460	PAIRED	other	NCI-KHAN	8.055503163015	7
SRR1559065	NCI_TARGET	fastq,sra	Primary Solid Tumor	8728989721	TARGET: Neuroblastoma (NBL)	gs,ncbi,s3	RNA	RNA-Seq	SRP012002	PRJNA89523	SAMN02443551	PAIRED	other	NCI-KHAN	8.064232152736	7
SRR1559066	NCI_TARGET	fastq,run.zq,sra	Primary Solid Tumor	13904035469	TARGET: Neuroblastoma (NBL)	gs,ncbi,s3	RNA	RNA-Seq	SRP012002	PRJNA89523	SAMN02443532	PAIRED	other	NCI-KHAN	8.078136188205	7
SRR1559067	NCI_TARGET	fastq,sra	Primary Solid Tumor	10120609423	TARGET: Neuroblastoma (NBL)	gs,ncbi,s3	RNA	RNA-Seq	SRP012002	PRJNA89523	SAMN02443493	PAIRED	other	NCI-KHAN	8.088256797628	7
SRR1559068	NCI_TARGET	fastq,sra	Primary Solid Tumor	7674041275	TARGET: Neuroblastoma (NBL)	gs,ncbi,s3	RNA	RNA-Seq	SRP012002	PRJNA89523	SAMN02443497	PAIRED	other	NCI-KHAN	8.095930838903	7
SRR1559069	NCI_TARGET	fastq,sra	Primary Solid Tumor	9673592008	TARGET: Neuroblastoma (NBL)	gs,ncbi,s3	RNA	RNA-Seq	SRP012002	PRJNA89523	SAMN02443567	PAIRED	other	NCI-KHAN	8.105604430911	7
SRR1559070	NCI_TARGET	fastq,run.zq,sra	Primary Solid Tumor	31573452873	TARGET: Neuroblastoma (NBL)	gs,ncbi,s3	RNA	RNA-Seq	SRP012002	PRJNA89523	SAMN02443574	PAIRED	other	NCI-KHAN	8.137177883784	7
SRR1559071	NCI_TARGET	fastq,run.zq,sra	Primary Solid Tumor	17204216436	TARGET: Neuroblastoma (NBL)	gs,ncbi,s3	RNA	RNA-Seq	SRP012002	PRJNA89523	SAMN02443571	PAIRED	other	NCI-KHAN	8.15438210022	7
SRR1559072	NCI_TARGET	fastq,run.zq,sra	Primary Solid Tumor	11401865757	TARGET: Neuroblastoma (NBL)	gs,ncbi,s3	RNA	RNA-Seq	SRP012002	PRJNA89523	SAMN02443547	PAIRED	other	NCI-KHAN	8.165783965977	7
SRR1559073	NCI_TARGET	fastq,run.zq,sra	Primary Solid Tumor	15902166663	TARGET: Neuroblastoma (NBL)	gs,ncbi,s3	RNA	RNA-Seq	SRP012002	PRJNA89523	SAMN02443496	PAIRED	other	NCI-KHAN	8.18168613264	7
SRR1559074	NCI_TARGET	fastq,run.zq,sra	Primary Solid Tumor	13267935446	TARGET: Neuroblastoma (NBL)	gs,ncbi,s3	RNA	RNA-Seq	SRP012002	PRJNA89523	SAMN02443488	PAIRED	other	NCI-KHAN	8.194954068086	7
SRR1559076	NCI_TARGET	fastq,run.zq,sra	Primary Solid Tumor	15852767971	TARGET: Neuroblastoma (NBL)	gs,ncbi,s3	RNA	RNA-Seq	SRP012002	PRJNA89523	SAMN00116529	PAIRED	other	NCI-KHAN	8.210806836057	7
SRR1559077	NCI_TARGET	fastq,run.zq,sra	Primary Solid Tumor	11441249319	TARGET: Neuroblastoma (NBL)	gs,ncbi,s3	RNA	RNA-Seq	SRP012002	PRJNA89523	SAMN02443502	PAIRED	other	NCI-KHAN	8.222248085376	7
SRR1559078	NCI_TARGET	fastq,run.zq,sra	Primary Solid Tumor	13079812976	TARGET: Neuroblastoma (NBL)	gs,ncbi,s3	RNA	RNA-Seq	SRP012002	PRJNA89523	SAMN02443476	PAIRED	other	NCI-KHAN	8.235327898352	7
SRR1559079	NCI_TARGET	fastq,run.zq,sra	Primary Solid Tumor	9800065124	TARGET: Neuroblastoma (NBL)	gs,ncbi,s3	RNA	RNA-Seq	SRP012002	PRJNA89523	SAMN02443586	PAIRED	other	NCI-KHAN	8.245127963476	7
SRR1559080	NCI_TARGET	fastq,run.zq,sra	Primary Solid Tumor	12965206500	TARGET: Neuroblastoma (NBL)	gs,ncbi,s3	RNA	RNA-Seq	SRP012002	PRJNA89523	SAMN02443437	PAIRED	other	NCI-KHAN	8.258093169976	7
SRR1559081	NCI_TARGET	fastq,run.zq,sra	Primary Solid Tumor	10319940275	TARGET: Neuroblastoma (NBL)	gs,ncbi,s3	RNA	RNA-Seq	SRP012002	PRJNA89523	SAMN02443528	PAIRED	other	NCI-KHAN	8.268413110251	7
SRR1559082	NCI_TARGET	fastq,run.zq,sra	Primary Solid Tumor	11688490779	TARGET: Neuroblastoma (NBL)	gs,ncbi,s3	RNA	RNA-Seq	SRP012002	PRJNA89523	SAMN02443478	PAIRED	other	NCI-KHAN	8.28010160103	7
SRR1559083	NCI_TARGET	fastq,run.zq,sra	Primary Solid Tumor	12573192549	TARGET: Neuroblastoma (NBL)	gs,ncbi,s3	RNA	RNA-Seq	SRP012002	PRJNA89523	SAMN02443444	PAIRED	other	NCI-KHAN	8.292674793579	7
SRR1559084	NCI_TARGET	fastq,run.zq,sra	Primary Solid Tumor	17013194568	TARGET: Neuroblastoma (NBL)	gs,ncbi,s3	RNA	RNA-Seq	SRP012002	PRJNA89523	SAMN02443464	PAIRED	other	NCI-KHAN	8.309687988147	7
SRR1559085	NCI_TARGET	fastq,run.zq,sra	Primary Solid Tumor	13570937536	TARGET: Neuroblastoma (NBL)	gs,ncbi,s3	RNA	RNA-Seq	SRP012002	PRJNA89523	SAMN02443522	PAIRED	other	NCI-KHAN	8.323258925683	7
SRR1559086	NCI_TARGET	fastq,run.zq,sra	Primary Solid Tumor	14154427849	TARGET: Neuroblastoma (NBL)	gs,ncbi,s3	RNA	RNA-Seq	SRP012002	PRJNA89523	SAMN02443463	PAIRED	other	NCI-KHAN	8.337413353532	7
SRR1559087	NCI_TARGET	fastq,run.zq,sra	Primary Solid Tumor	13603524441	TARGET: Neuroblastoma (NBL)	gs,ncbi,s3	RNA	RNA-Seq	SRP012002	PRJNA89523	SAMN02443415	PAIRED	other	NCI-KHAN	8.351016877973	7
SRR1559088	NCI_TARGET	fastq,run.zq,sra	Primary Solid Tumor	13641825129	TARGET: Neuroblastoma (NBL)	gs,ncbi,s3	RNA	RNA-Seq	SRP012002	PRJNA89523	SAMN02443492	PAIRED	other	NCI-KHAN	8.364658703102	7
SRR1559089	NCI_TARGET	fastq,run.zq,sra	Primary Solid Tumor	13476301512	TARGET: Neuroblastoma (NBL)	gs,ncbi,s3	RNA	RNA-Seq	SRP012002	PRJNA89523	SAMN02443530	PAIRED	other	NCI-KHAN	8.378135004614	7
SRR1559090	NCI_TARGET	fastq,run.zq,sra	Primary Solid Tumor	12625908447	TARGET: Neuroblastoma (NBL)	gs,ncbi,s3	RNA	RNA-Seq	SRP012002	PRJNA89523	SAMN02443477	PAIRED	other	NCI-KHAN	8.390760913061	7
SRR1559091	NCI_TARGET	fastq,run.zq,sra	Primary Solid Tumor	11576414689	TARGET: Neuroblastoma (NBL)	gs,ncbi,s3	RNA	RNA-Seq	SRP012002	PRJNA89523	SAMN02443458	PAIRED	other	NCI-KHAN	8.40233732775	8
SRR1559092	NCI_TARGET	fastq,run.zq,sra	Primary Solid Tumor	13587451006	TARGET: Neuroblastoma (NBL)	gs,ncbi,s3	RNA	RNA-Seq	SRP012002	PRJNA89523	SAMN02443531	PAIRED	other	NCI-KHAN	8.415924778756	8
SRR1559093	NCI_TARGET	fastq,run.zq,sra	Primary Solid Tumor	14883411917	TARGET: Neuroblastoma (NBL)	gs,ncbi,s3	RNA	RNA-Seq	SRP012002	PRJNA89523	SAMN02443473	PAIRED	other	NCI-KHAN	8.430808190673	8
SRR1559094	NCI_TARGET	fastq,run.zq,sra	Primary Solid Tumor	10083925535	TARGET: Neuroblastoma (NBL)	gs,ncbi,s3	RNA	RNA-Seq	SRP012002	PRJNA89523	SAMN02443568	PAIRED	other	NCI-KHAN	8.440892116208	8
SRR1559095	NCI_TARGET	fastq,run.zq,sra	Primary Solid Tumor	11516214339	TARGET: Neuroblastoma (NBL)	gs,ncbi,s3	RNA	RNA-Seq	SRP012002	PRJNA89523	SAMN02443489	PAIRED	other	NCI-KHAN	8.452408330547	8
SRR1559096	NCI_TARGET	fastq,run.zq,sra	Primary Solid Tumor	13706320352	TARGET: Neuroblastoma (NBL)	gs,ncbi,s3	RNA	RNA-Seq	SRP012002	PRJNA89523	SAMN02443516	PAIRED	other	NCI-KHAN	8.466114650899	8
SRR1559097	NCI_TARGET	fastq,run.zq,sra	Primary Solid Tumor	10142570613	TARGET: Neuroblastoma (NBL)	gs,ncbi,s3	RNA	RNA-Seq	SRP012002	PRJNA89523	SAMN02443440	PAIRED	other	NCI-KHAN	8.476257221512	8
SRR1559098	NCI_TARGET	fastq,run.zq,sra	Primary Solid Tumor	10381569173	TARGET: Neuroblastoma (NBL)	gs,ncbi,s3	RNA	RNA-Seq	SRP012002	PRJNA89523	SAMN02443548	PAIRED	other	NCI-KHAN	8.486638790685	8
SRR1559099	NCI_TARGET	fastq,run.zq,sra	Primary Solid Tumor	11675959416	TARGET: Neuroblastoma (NBL)	gs,ncbi,s3	RNA	RNA-Seq	SRP012002	PRJNA89523	SAMN02443433	PAIRED	other	NCI-KHAN	8.498314750101	8
SRR1559101	NCI_TARGET	fastq,run.zq,sra	Primary Solid Tumor	7252434880	TARGET: Neuroblastoma (NBL)	gs,ncbi,s3	RNA	RNA-Seq	SRP012002	PRJNA89523	SAMN02443451	PAIRED	other	NCI-KHAN	8.505567184981	8
SRR1559102	NCI_TARGET	fastq,run.zq,sra	Primary Solid Tumor	11383197975	TARGET: Neuroblastoma (NBL)	gs,ncbi,s3	RNA	RNA-Seq	SRP012002	PRJNA89523	SAMN02443557	PAIRED	other	NCI-KHAN	8.516950382956	8
SRR1559103	NCI_TARGET	fastq,run.zq,sra	Primary Solid Tumor	13464212221	TARGET: Neuroblastoma (NBL)	gs,ncbi,s3	RNA	RNA-Seq	SRP012002	PRJNA89523	SAMN02724433	PAIRED	other	NCI-KHAN	8.530414595177	8
SRR1559104	NCI_TARGET	fastq,run.zq,sra	Primary Solid Tumor	14353824905	TARGET: Neuroblastoma (NBL)	gs,ncbi,s3	RNA	RNA-Seq	SRP012002	PRJNA89523	SAMN02443541	PAIRED	other	NCI-KHAN	8.544768420082	8
SRR1559106	NCI_TARGET	fastq,run.zq,sra	Primary Solid Tumor	15662869602	TARGET: Neuroblastoma (NBL)	gs,ncbi,s3	RNA	RNA-Seq	SRP012002	PRJNA89523	SAMN02443468	PAIRED	other	NCI-KHAN	8.560431289684	8
SRR1559107	NCI_TARGET	fastq,run.zq,sra	Primary Solid Tumor	14186842593	TARGET: Neuroblastoma (NBL)	gs,ncbi,s3	RNA	RNA-Seq	SRP012002	PRJNA89523	SAMN02443583	PAIRED	other	NCI-KHAN	8.574618132277	8
SRR1559108	NCI_TARGET	fastq,run.zq,sra	Primary Solid Tumor	14071620161	TARGET: Neuroblastoma (NBL)	gs,ncbi,s3	RNA	RNA-Seq	SRP012002	PRJNA89523	SAMN02443490	PAIRED	other	NCI-KHAN	8.588689752438	8
SRR1559109	NCI_TARGET	fastq,run.zq,sra	Primary Solid Tumor	13660339667	TARGET: Neuroblastoma (NBL)	gs,ncbi,s3	RNA	RNA-Seq	SRP012002	PRJNA89523	SAMN02443461	PAIRED	other	NCI-KHAN	8.602350092105	8
SRR1559110	NCI_TARGET	fastq,run.zq,sra	Primary Solid Tumor	15558558736	TARGET: Neuroblastoma (NBL)	gs,ncbi,s3	RNA	RNA-Seq	SRP012002	PRJNA89523	SAMN02443446	PAIRED	other	NCI-KHAN	8.617908650841	8
SRR1559111	NCI_TARGET	fastq,run.zq,sra	Primary Solid Tumor	15090248856	TARGET: Neuroblastoma (NBL)	gs,ncbi,s3	RNA	RNA-Seq	SRP012002	PRJNA89523	SAMN02443533	PAIRED	other	NCI-KHAN	8.632998899697	8
SRR1559112	NCI_TARGET	fastq,run.zq,sra	Primary Solid Tumor	12470475150	TARGET: Neuroblastoma (NBL)	gs,ncbi,s3	RNA	RNA-Seq	SRP012002	PRJNA89523	SAMN02443481	PAIRED	other	NCI-KHAN	8.645469374847	8
SRR1559113	NCI_TARGET	fastq,run.zq,sra	Primary Solid Tumor	11976897153	TARGET: Neuroblastoma (NBL)	gs,ncbi,s3	RNA	RNA-Seq	SRP012002	PRJNA89523	SAMN02443513	PAIRED	other	NCI-KHAN	8.657446272	8
SRR1559114	NCI_TARGET	fastq,run.zq,sra	Primary Solid Tumor	10928645735	TARGET: Neuroblastoma (NBL)	gs,ncbi,s3	RNA	RNA-Seq	SRP012002	PRJNA89523	SAMN02443554	PAIRED	other	NCI-KHAN	8.668374917735	8
SRR1559115	NCI_TARGET	fastq,run.zq,sra	Primary Solid Tumor	14636257948	TARGET: Neuroblastoma (NBL)	gs,ncbi,s3	RNA	RNA-Seq	SRP012002	PRJNA89523	SAMN02443422	PAIRED	other	NCI-KHAN	8.683011175683	8
SRR1559116	NCI_TARGET	fastq,run.zq,sra	Primary Solid Tumor	9935009686	TARGET: Neuroblastoma (NBL)	gs,ncbi,s3	RNA	RNA-Seq	SRP012002	PRJNA89523	SAMN02443511	PAIRED	other	NCI-KHAN	8.692946185369	8
SRR1559117	NCI_TARGET	fastq,run.zq,sra	Primary Solid Tumor	9411744863	TARGET: Neuroblastoma (NBL)	gs,ncbi,s3	RNA	RNA-Seq	SRP012002	PRJNA89523	SAMN02443587	PAIRED	other	NCI-KHAN	8.702357930232	8
SRR1559118	NCI_TARGET	fastq,run.zq,sra	Primary Solid Tumor	12365804927	TARGET: Neuroblastoma (NBL)	gs,ncbi,s3	RNA	RNA-Seq	SRP012002	PRJNA89523	SAMN02443585	PAIRED	other	NCI-KHAN	8.714723735159	8
SRR1559119	NCI_TARGET	fastq,run.zq,sra	Primary Solid Tumor	13686336675	TARGET: Neuroblastoma (NBL)	gs,ncbi,s3	RNA	RNA-Seq	SRP012002	PRJNA89523	SAMN02443442	PAIRED	other	NCI-KHAN	8.728410071834	8
SRR1559120	NCI_TARGET	fastq,run.zq,sra	Primary Solid Tumor	11483974580	TARGET: Neuroblastoma (NBL)	gs,ncbi,s3	RNA	RNA-Seq	SRP012002	PRJNA89523	SAMN02443452	PAIRED	other	NCI-KHAN	8.739894046414	8
SRR1559121	NCI_TARGET	fastq,run.zq,sra	Primary Solid Tumor	15671916823	TARGET: Neuroblastoma (NBL)	gs,ncbi,s3	RNA	RNA-Seq	SRP012002	PRJNA89523	SAMN02443457	PAIRED	other	NCI-KHAN	8.755565963237	8
SRR1559122	NCI_TARGET	fastq,run.zq,sra	Primary Solid Tumor	11248993736	TARGET: Neuroblastoma (NBL)	gs,ncbi,s3	RNA	RNA-Seq	SRP012002	PRJNA89523	SAMN02443472	PAIRED	other	NCI-KHAN	8.766814956973	8
SRR1559123	NCI_TARGET	fastq,run.zq,sra	Primary Solid Tumor	10997129222	TARGET: Neuroblastoma (NBL)	gs,ncbi,s3	RNA	RNA-Seq	SRP012002	PRJNA89523	SAMN02443507	PAIRED	other	NCI-KHAN	8.777812086195	8
SRR1559124	NCI_TARGET	fastq,run.zq,sra	Primary Solid Tumor	10549118088	TARGET: Neuroblastoma (NBL)	gs,ncbi,s3	RNA	RNA-Seq	SRP012002	PRJNA89523	SAMN02443558	PAIRED	other	NCI-KHAN	8.788361204283	8
SRR1559125	NCI_TARGET	fastq,run.zq,sra	Primary Solid Tumor	12878835544	TARGET: Neuroblastoma (NBL)	gs,ncbi,s3	RNA	RNA-Seq	SRP012002	PRJNA89523	SAMN02443552	PAIRED	other	NCI-KHAN	8.801240039827	8
SRR1559126	NCI_TARGET	fastq,run.zq,sra	Primary Solid Tumor	13699365450	TARGET: Neuroblastoma (NBL)	gs,ncbi,s3	RNA	RNA-Seq	SRP012002	PRJNA89523	SAMN02443434	PAIRED	other	NCI-KHAN	8.814939405277	8
SRR1559127	NCI_TARGET	fastq,run.zq,sra	Primary Solid Tumor	9504270614	TARGET: Neuroblastoma (NBL)	gs,ncbi,s3	RNA	RNA-Seq	SRP012002	PRJNA89523	SAMN02443572	PAIRED	other	NCI-KHAN	8.824443675891	8
SRR1559128	NCI_TARGET	fastq,run.zq,sra	Primary Solid Tumor	13966247668	TARGET: Neuroblastoma (NBL)	gs,ncbi,s3	RNA	RNA-Seq	SRP012002	PRJNA89523	SAMN02443520	PAIRED	other	NCI-KHAN	8.838409923559	8
SRR1559129	NCI_TARGET	fastq,run.zq,sra	Primary Solid Tumor	12741108048	TARGET: Neuroblastoma (NBL)	gs,ncbi,s3	RNA	RNA-Seq	SRP012002	PRJNA89523	SAMN02443518	PAIRED	other	NCI-KHAN	8.851151031607	8
SRR1559130	NCI_TARGET	fastq,run.zq,sra	Primary Solid Tumor	14153658577	TARGET: Neuroblastoma (NBL)	gs,ncbi,s3	RNA	RNA-Seq	SRP012002	PRJNA89523	SAMN02443560	PAIRED	other	NCI-KHAN	8.865304690184	8
SRR1559131	NCI_TARGET	fastq,run.zq,sra	Primary Solid Tumor	9257256301	TARGET: Neuroblastoma (NBL)	gs,ncbi,s3	RNA	RNA-Seq	SRP012002	PRJNA89523	SAMN02443486	PAIRED	other	NCI-KHAN	8.874561946485	8
SRR1559132	NCI_TARGET	fastq,run.zq,sra	Primary Solid Tumor	10661745636	TARGET: Neuroblastoma (NBL)	gs,ncbi,s3	RNA	RNA-Seq	SRP012002	PRJNA89523	SAMN02443576	PAIRED	other	NCI-KHAN	8.885223692121	8
SRR1559135	NCI_TARGET	fastq,run.zq,sra	Primary Solid Tumor	12321900469	TARGET: Neuroblastoma (NBL)	gs,ncbi,s3	RNA	RNA-Seq	SRP012002	PRJNA89523	SAMN02443474	PAIRED	other	NCI-KHAN	8.89754559259	8
SRR1559136	NCI_TARGET	fastq,run.zq,sra	Primary Solid Tumor	10597138608	TARGET: Neuroblastoma (NBL)	gs,ncbi,s3	RNA	RNA-Seq	SRP012002	PRJNA89523	SAMN02443426	PAIRED	other	NCI-KHAN	8.908142731198	8
SRR1559137	NCI_TARGET	fastq,run.zq,sra	Primary Solid Tumor	14573527641	TARGET: Neuroblastoma (NBL)	gs,ncbi,s3	RNA	RNA-Seq	SRP012002	PRJNA89523	SAMN02443485	PAIRED	other	NCI-KHAN	8.922716258839	8
SRR1559138	NCI_TARGET	fastq,run.zq,sra	Primary Solid Tumor	10542417124	TARGET: Neuroblastoma (NBL)	gs,ncbi,s3	RNA	RNA-Seq	SRP012002	PRJNA89523	SAMN02443570	PAIRED	other	NCI-KHAN	8.933258675963	8
SRR1559139	NCI_TARGET	fastq,run.zq,sra	Primary Solid Tumor	13396884903	TARGET: Neuroblastoma (NBL)	gs,ncbi,s3	RNA	RNA-Seq	SRP012002	PRJNA89523	SAMN02443445	PAIRED	other	NCI-KHAN	8.946655560866	8
SRR1559140	NCI_TARGET	fastq,run.zq,sra	Primary Solid Tumor	11344647785	TARGET: Neuroblastoma (NBL)	gs,ncbi,s3	RNA	RNA-Seq	SRP012002	PRJNA89523	SAMN02443418	PAIRED	other	NCI-KHAN	8.958000208651	8
SRR1559141	NCI_TARGET	fastq,run.zq,sra	Primary Solid Tumor	10413108023	TARGET: Neuroblastoma (NBL)	gs,ncbi,s3	RNA	RNA-Seq	SRP012002	PRJNA89523	SAMN02443414	PAIRED	other	NCI-KHAN	8.968413316674	8
SRR1559142	NCI_TARGET	fastq,run.zq,sra	Primary Solid Tumor	12503188195	TARGET: Neuroblastoma (NBL)	gs,ncbi,s3	RNA	RNA-Seq	SRP012002	PRJNA89523	SAMN02443539	PAIRED	other	NCI-KHAN	8.980916504869	8
SRR1559143	NCI_TARGET	fastq,run.zq,sra	Primary Solid Tumor	13562622749	TARGET: Neuroblastoma (NBL)	gs,ncbi,s3	RNA	RNA-Seq	SRP012002	PRJNA89523	SAMN02443471	PAIRED	other	NCI-KHAN	8.994479127618	8
SRR1559144	NCI_TARGET	run.zq,sra,fastq	Primary Solid Tumor	12148529336	TARGET: Neuroblastoma (NBL)	gs,ncbi,s3	RNA	RNA-Seq	SRP012002	PRJNA89523	SAMN02443455	PAIRED	other	NCI-KHAN	9.006627656954	8
SRR1559146	NCI_TARGET	fastq,run.zq,sra	Primary Solid Tumor	12036459591	TARGET: Neuroblastoma (NBL)	gs,ncbi,s3	RNA	RNA-Seq	SRP012002	PRJNA89523	SAMN02443482	PAIRED	other	NCI-KHAN	9.018664116545	8
SRR1559147	NCI_TARGET	fastq,run.zq,sra	Primary Solid Tumor	12495525624	TARGET: Neuroblastoma (NBL)	gs,ncbi,s3	RNA	RNA-Seq	SRP012002	PRJNA89523	SAMN02443553	PAIRED	other	NCI-KHAN	9.031159642169	8
SRR1559148	NCI_TARGET	fastq,run.zq,sra	Primary Solid Tumor	12490582274	TARGET: Neuroblastoma (NBL)	gs,ncbi,s3	RNA	RNA-Seq	SRP012002	PRJNA89523	SAMN02443499	PAIRED	other	NCI-KHAN	9.043650224443	8
SRR1559149	NCI_TARGET	fastq,run.zq,sra	Primary Solid Tumor	10915600840	TARGET: Neuroblastoma (NBL)	gs,ncbi,s3	RNA	RNA-Seq	SRP012002	PRJNA89523	SAMN02443529	PAIRED	other	NCI-KHAN	9.054565825283	8
SRR1559150	NCI_TARGET	fastq,run.zq,sra	Primary Solid Tumor	11349593495	TARGET: Neuroblastoma (NBL)	gs,ncbi,s3	RNA	RNA-Seq	SRP012002	PRJNA89523	SAMN02443566	PAIRED	other	NCI-KHAN	9.065915418778	8
SRR1559151	NCI_TARGET	fastq,run.zq,sra	Primary Solid Tumor	15199271864	TARGET: Neuroblastoma (NBL)	gs,ncbi,s3	RNA	RNA-Seq	SRP012002	PRJNA89523	SAMN02443439	PAIRED	other	NCI-KHAN	9.081114690642	8
SRR1559152	NCI_TARGET	fastq,run.zq,sra	Primary Solid Tumor	12361597428	TARGET: Neuroblastoma (NBL)	gs,ncbi,s3	RNA	RNA-Seq	SRP012002	PRJNA89523	SAMN02443429	PAIRED	other	NCI-KHAN	9.09347628807	8
SRR1559153	NCI_TARGET	fastq,run.zq,sra	Primary Solid Tumor	12182552988	TARGET: Neuroblastoma (NBL)	gs,ncbi,s3	RNA	RNA-Seq	SRP012002	PRJNA89523	SAMN02443501	PAIRED	other	NCI-KHAN	9.105658841058	8
SRR1559154	NCI_TARGET	fastq,run.zq,sra	Primary Solid Tumor	12686482687	TARGET: Neuroblastoma (NBL)	gs,ncbi,s3	RNA	RNA-Seq	SRP012002	PRJNA89523	SAMN02443519	PAIRED	other	NCI-KHAN	9.118345323745	8
SRR1559155	NCI_TARGET	fastq,run.zq,sra	Primary Solid Tumor	12520620732	TARGET: Neuroblastoma (NBL)	gs,ncbi,s3	RNA	RNA-Seq	SRP012002	PRJNA89523	SAMN02443521	PAIRED	other	NCI-KHAN	9.130865944477	8
SRR1559156	NCI_TARGET	fastq,run.zq,sra	Primary Solid Tumor	13925505449	TARGET: Neuroblastoma (NBL)	gs,ncbi,s3	RNA	RNA-Seq	SRP012002	PRJNA89523	SAMN02443510	PAIRED	other	NCI-KHAN	9.144791449926	8
SRR1559157	NCI_TARGET	fastq,run.zq,sra	Primary Solid Tumor	13266716599	TARGET: Neuroblastoma (NBL)	gs,ncbi,s3	RNA	RNA-Seq	SRP012002	PRJNA89523	SAMN02443580	PAIRED	other	NCI-KHAN	9.158058166525	8
SRR1559158	NCI_TARGET	fastq,run.zq,sra	Primary Solid Tumor	12779369189	TARGET: Neuroblastoma (NBL)	gs,ncbi,s3	RNA	RNA-Seq	SRP012002	PRJNA89523	SAMN02443515	PAIRED	other	NCI-KHAN	9.170837535714	8
SRR1559159	NCI_TARGET	fastq,run.zq,sra	Primary Solid Tumor	14658641540	TARGET: Neuroblastoma (NBL)	gs,ncbi,s3	RNA	RNA-Seq	SRP012002	PRJNA89523	SAMN02443536	PAIRED	other	NCI-KHAN	9.185496177254	8
SRR1559161	NCI_TARGET	fastq,run.zq,sra	Primary Solid Tumor	11458642243	TARGET: Neuroblastoma (NBL)	gs,ncbi,s3	RNA	RNA-Seq	SRP012002	PRJNA89523	SAMN02443438	PAIRED	other	NCI-KHAN	9.196954819497	8
SRR1559162	NCI_TARGET	fastq,run.zq,sra	Recurrent Solid Tumor	7042393233	TARGET: Neuroblastoma (NBL)	gs,ncbi,s3	RNA	RNA-Seq	SRP012002	PRJNA89523	SAMN02443508	PAIRED	other	NCI-KHAN	9.20399721273	8
SRR1559163	NCI_TARGET	fastq,run.zq,sra	Primary Solid Tumor	10947579734	TARGET: Neuroblastoma (NBL)	gs,ncbi,s3	RNA	RNA-Seq	SRP012002	PRJNA89523	SAMN02443469	PAIRED	other	NCI-KHAN	9.214944792464	8
SRR1559165	NCI_TARGET	fastq,run.zq,sra	Recurrent Solid Tumor	6240143895	TARGET: Neuroblastoma (NBL)	gs,ncbi,s3	RNA	RNA-Seq	SRP012002	PRJNA89523	SAMN02443555	PAIRED	other	NCI-KHAN	9.221184936359	8
SRR1559166	NCI_TARGET	fastq,run.zq,sra	Primary Solid Tumor	13160580168	TARGET: Neuroblastoma (NBL)	gs,ncbi,s3	RNA	RNA-Seq	SRP012002	PRJNA89523	SAMN02443475	PAIRED	other	NCI-KHAN	9.234345516527	8
SRR1559167	NCI_TARGET	fastq,run.zq,sra	Recurrent Solid Tumor	8989236054	TARGET: Neuroblastoma (NBL)	gs,ncbi,s3	RNA	RNA-Seq	SRP012002	PRJNA89523	SAMN02443456	PAIRED	other	NCI-KHAN	9.243334752581	8
SRR1559168	NCI_TARGET	fastq,run.zq,sra	Primary Solid Tumor	10799185251	TARGET: Neuroblastoma (NBL)	gs,ncbi,s3	RNA	RNA-Seq	SRP012002	PRJNA89523	SAMN02443559	PAIRED	other	NCI-KHAN	9.254133937832	8
SRR1559170	NCI_TARGET	fastq,run.zq,sra	Primary Solid Tumor	10395813231	TARGET: Neuroblastoma (NBL)	gs,ncbi,s3	RNA	RNA-Seq	SRP012002	PRJNA89523	SAMN02443479	PAIRED	other	NCI-KHAN	9.264529751063	8
SRR1559171	NCI_TARGET	fastq,run.zq,sra	Recurrent Solid Tumor	6146761120	TARGET: Neuroblastoma (NBL)	gs,ncbi,s3	RNA	RNA-Seq	SRP012002	PRJNA89523	SAMN02443462	PAIRED	other	NCI-KHAN	9.270676512183	8
SRR1559172	NCI_TARGET	fastq,run.zq,sra	Primary Solid Tumor	3543587700	TARGET: Neuroblastoma (NBL)	gs,ncbi,s3	RNA	RNA-Seq	SRP012002	PRJNA89523	SAMN02443467	PAIRED	other	NCI-KHAN	9.274220099883	8
SRR1559173	NCI_TARGET	fastq,run.zq,sra	Recurrent Solid Tumor	10188380854	TARGET: Neuroblastoma (NBL)	gs,ncbi,s3	RNA	RNA-Seq	SRP012002	PRJNA89523	SAMN02443512	PAIRED	other	NCI-KHAN	9.284408480737	8
SRR1559174	NCI_TARGET	fastq,run.zq,sra	Recurrent Blood Derived Cancer - Bone Marrow	8081115120	TARGET: Neuroblastoma (NBL)	gs,ncbi,s3	RNA	RNA-Seq	SRP012002	PRJNA89523	SAMN02443491	PAIRED	other	NCI-KHAN	9.292489595857	8
SRR1559175	NCI_TARGET	fastq,run.zq,sra	Primary Solid Tumor	8287720213	TARGET: Neuroblastoma (NBL)	gs,ncbi,s3	RNA	RNA-Seq	SRP012002	PRJNA89523	SAMN02443423	PAIRED	other	NCI-KHAN	9.30077731607	8
SRR1559176	NCI_TARGET	fastq,run.zq,sra	Primary Solid Tumor	6262325144	TARGET: Neuroblastoma (NBL)	gs,ncbi,s3	RNA	RNA-Seq	SRP012002	PRJNA89523	SAMN02443564	PAIRED	other	NCI-KHAN	9.307039641214	8
SRR1559178	NCI_TARGET	fastq,run.zq,sra	Recurrent Solid Tumor	7249816276	TARGET: Neuroblastoma (NBL)	gs,ncbi,s3	RNA	RNA-Seq	SRP012002	PRJNA89523	SAMN02443545	PAIRED	other	NCI-KHAN	9.31428945749	8
SRR1559179	NCI_TARGET	fastq,run.zq,sra	Primary Solid Tumor	6976539057	TARGET: Neuroblastoma (NBL)	gs,ncbi,s3	RNA	RNA-Seq	SRP012002	PRJNA89523	SAMN02443436	PAIRED	other	NCI-KHAN	9.321265996547	8
SRR1559180	NCI_TARGET	fastq,run.zq,sra	Recurrent Solid Tumor	6473792711	TARGET: Neuroblastoma (NBL)	gs,ncbi,s3	RNA	RNA-Seq	SRP012002	PRJNA89523	SAMN02443543	PAIRED	other	NCI-KHAN	9.327739789258	8
SRR1559181	NCI_TARGET	fastq,run.zq,sra	Primary Solid Tumor	7219361410	TARGET: Neuroblastoma (NBL)	gs,ncbi,s3	RNA	RNA-Seq	SRP012002	PRJNA89523	SAMN02443535	PAIRED	other	NCI-KHAN	9.334959150668	8
SRR1559182	NCI_TARGET	fastq,run.zq,sra	Primary Solid Tumor	6325117646	TARGET: Neuroblastoma (NBL)	gs,ncbi,s3	RNA	RNA-Seq	SRP012002	PRJNA89523	SAMN02443550	PAIRED	other	NCI-KHAN	9.341284268314	8
SRR1559185	NCI_TARGET	fastq,run.zq,sra	Primary Solid Tumor	5914589375	TARGET: Neuroblastoma (NBL)	gs,ncbi,s3	RNA	RNA-Seq	SRP012002	PRJNA89523	SAMN02443524	PAIRED	other	NCI-KHAN	9.347198857689	8
SRR1559186	NCI_TARGET	fastq,run.zq,sra	Primary Solid Tumor	6011971908	TARGET: Neuroblastoma (NBL)	gs,ncbi,s3	RNA	RNA-Seq	SRP012002	PRJNA89523	SAMN02443581	PAIRED	other	NCI-KHAN	9.353210829597	8
SRR1559187	NCI_TARGET	fastq,run.zq,sra	Primary Solid Tumor	6617511847	TARGET: Neuroblastoma (NBL)	gs,ncbi,s3	RNA	RNA-Seq	SRP012002	PRJNA89523	SAMN02443459	PAIRED	other	NCI-KHAN	9.359828341444	8
SRR1559188	NCI_TARGET	fastq,run.zq,sra	Primary Solid Tumor	5991951633	TARGET: Neuroblastoma (NBL)	gs,ncbi,s3	RNA	RNA-Seq	SRP012002	PRJNA89523	SAMN02443575	PAIRED	other	NCI-KHAN	9.365820293077	8
SRR1559189	NCI_TARGET	fastq,run.zq,sra	Primary Solid Tumor	6181140286	TARGET: Neuroblastoma (NBL)	gs,ncbi,s3	RNA	RNA-Seq	SRP012002	PRJNA89523	SAMN02443562	PAIRED	other	NCI-KHAN	9.372001433363	8
SRR1559190	NCI_TARGET	fastq,run.zq,sra	Primary Solid Tumor	6426742797	TARGET: Neuroblastoma (NBL)	gs,ncbi,s3	RNA	RNA-Seq	SRP012002	PRJNA89523	SAMN02443448	PAIRED	other	NCI-KHAN	9.37842817616	8
SRR1559191	NCI_TARGET	fastq,run.zq,sra	Primary Solid Tumor	6049596072	TARGET: Neuroblastoma (NBL)	gs,ncbi,s3	RNA	RNA-Seq	SRP012002	PRJNA89523	SAMN02443540	PAIRED	other	NCI-KHAN	9.384477772232	8
SRR1559192	NCI_TARGET	fastq,run.zq,sra	Primary Solid Tumor	6203458619	TARGET: Neuroblastoma (NBL)	gs,ncbi,s3	RNA	RNA-Seq	SRP012002	PRJNA89523	SAMN02443443	PAIRED	other	NCI-KHAN	9.390681230851	8
SRR1821181	NCI_TARGET	sra,run.zq,fastq	Primary Blood Derived Cancer - Bone Marrow	12669745334	TARGET: Acute Myeloid Leukemia (AML)	s3,ncbi,gs	RNA	RNA-Seq	SRP012000	PRJNA89525	SAMN02443372	PAIRED	cDNA	BCCAGSC	9.403350976185	8
SRR1821182	NCI_TARGET	fastq,sra,run.zq	Primary Blood Derived Cancer - Bone Marrow	22766692714	TARGET: Acute Myeloid Leukemia (AML)	ncbi,gs,s3	RNA	RNA-Seq	SRP012000	PRJNA89525	SAMN02442949	PAIRED	cDNA	BCCAGSC	9.426117668899	8
SRR1821985	NCI_TARGET	run.zq,fastq,sra	Primary Solid Tumor	10834256571	TARGET: Kidney\, Rhabdoid Tumor (RT)	ncbi,gs,s3	RNA	RNA-Seq	SRP012005	PRJNA89539	SAMN01778461	PAIRED	cDNA	BCCAGSC	9.43695192547	8
SRR1810574	NCI_TARGET	run.zq,fastq,sra	Primary Blood Derived Cancer - Bone Marrow	7462884999	TARGET: Acute Myeloid Leukemia (AML)	gs,ncbi,s3	RNA	RNA-Seq	SRP012000	PRJNA89525	SAMN01778094	PAIRED	cDNA	BCCAGSC	9.444414810469	8
SRR1810575	NCI_TARGET	sra,fastq,run.zq	Primary Blood Derived Cancer - Bone Marrow	6585101513	TARGET: Acute Myeloid Leukemia (AML)	ncbi,s3,gs	RNA	RNA-Seq	SRP012000	PRJNA89525	SAMN01778086	PAIRED	cDNA	BCCAGSC	9.450999911982	8
SRR1810576	NCI_TARGET	fastq,run.zq,sra	Primary Blood Derived Cancer - Bone Marrow	11301342416	TARGET: Acute Myeloid Leukemia (AML)	s3,gs,ncbi	RNA	RNA-Seq	SRP012000	PRJNA89525	SAMN01778014	PAIRED	cDNA	BCCAGSC	9.462301254398	8
SRR1810577	NCI_TARGET	run.zq,fastq,sra	Primary Blood Derived Cancer - Bone Marrow	12599339648	TARGET: Acute Myeloid Leukemia (AML)	s3,gs,ncbi	RNA	RNA-Seq	SRP012000	PRJNA89525	SAMN01778064	PAIRED	cDNA	BCCAGSC	9.474900594046	8
SRR1810578	NCI_TARGET	run.zq,sra,fastq	Primary Blood Derived Cancer - Bone Marrow	11982462045	TARGET: Acute Myeloid Leukemia (AML)	gs,s3,ncbi	RNA	RNA-Seq	SRP012000	PRJNA89525	SAMN01778162	PAIRED	cDNA	BCCAGSC	9.486883056091	8
SRR1810579	NCI_TARGET	run.zq,sra,fastq	Primary Blood Derived Cancer - Bone Marrow	13618994617	TARGET: Acute Myeloid Leukemia (AML)	s3,gs,ncbi	RNA	RNA-Seq	SRP012000	PRJNA89525	SAMN01778247	PAIRED	cDNA	BCCAGSC	9.500502050708	8
SRR1810580	NCI_TARGET	run.zq,sra,fastq	Primary Blood Derived Cancer - Bone Marrow	14254511694	TARGET: Acute Myeloid Leukemia (AML)	gs,s3,ncbi	RNA	RNA-Seq	SRP012000	PRJNA89525	SAMN01778184	PAIRED	cDNA	BCCAGSC	9.514756562402	8
SRR1810581	NCI_TARGET	fastq,sra,run.zq	Primary Blood Derived Cancer - Bone Marrow	13891578770	TARGET: Acute Myeloid Leukemia (AML)	ncbi,s3,gs	RNA	RNA-Seq	SRP012000	PRJNA89525	SAMN01778108	PAIRED	cDNA	BCCAGSC	9.528648141172	8
SRR1810582	NCI_TARGET	sra,fastq,run.zq	Primary Blood Derived Cancer - Bone Marrow	11761213161	TARGET: Acute Myeloid Leukemia (AML)	s3,gs,ncbi	RNA	RNA-Seq	SRP012000	PRJNA89525	SAMN01778211	PAIRED	cDNA	BCCAGSC	9.540409354333	8
SRR1810583	NCI_TARGET	fastq,run.zq,sra	Primary Blood Derived Cancer - Bone Marrow	12998484698	TARGET: Acute Myeloid Leukemia (AML)	s3,gs,ncbi	RNA	RNA-Seq	SRP012000	PRJNA89525	SAMN01778282	PAIRED	cDNA	BCCAGSC	9.553407839031	8
SRR1810584	NCI_TARGET	sra,fastq,run.zq	Primary Blood Derived Cancer - Bone Marrow	11388648926	TARGET: Acute Myeloid Leukemia (AML)	ncbi,gs,s3	RNA	RNA-Seq	SRP012000	PRJNA89525	SAMN01778109	PAIRED	cDNA	BCCAGSC	9.564796487957	8
SRR1810585	NCI_TARGET	sra,run.zq,fastq	Primary Blood Derived Cancer - Bone Marrow	8264176989	TARGET: Acute Myeloid Leukemia (AML)	gs,ncbi,s3	RNA	RNA-Seq	SRP012000	PRJNA89525	SAMN01778183	PAIRED	cDNA	BCCAGSC	9.573060664946	8
SRR1810586	NCI_TARGET	fastq,sra,run.zq	Primary Blood Derived Cancer - Bone Marrow	12216940584	TARGET: Acute Myeloid Leukemia (AML)	s3,gs,ncbi	RNA	RNA-Seq	SRP012000	PRJNA89525	SAMN01778310	PAIRED	cDNA	BCCAGSC	9.58527760553	8
SRR1810587	NCI_TARGET	fastq,sra,run.zq	Primary Blood Derived Cancer - Bone Marrow	9907923995	TARGET: Acute Myeloid Leukemia (AML)	s3,gs,ncbi	RNA	RNA-Seq	SRP012000	PRJNA89525	SAMN01778294	PAIRED	cDNA	BCCAGSC	9.595185529525	8
SRR1810589	NCI_TARGET	fastq,run.zq,sra	Primary Blood Derived Cancer - Bone Marrow	9849612612	TARGET: Acute Myeloid Leukemia (AML)	s3,ncbi,gs	RNA	RNA-Seq	SRP012000	PRJNA89525	SAMN01778112	PAIRED	cDNA	BCCAGSC	9.605035142137	9
SRR1810590	NCI_TARGET	fastq,sra,run.zq	Primary Blood Derived Cancer - Bone Marrow	11556151360	TARGET: Acute Myeloid Leukemia (AML)	gs,s3,ncbi	RNA	RNA-Seq	SRP012000	PRJNA89525	SAMN01778252	PAIRED	cDNA	BCCAGSC	9.616591293497	9
SRR1810591	NCI_TARGET	fastq,run.zq,sra	Primary Blood Derived Cancer - Bone Marrow	12222185900	TARGET: Acute Myeloid Leukemia (AML)	s3,gs,ncbi	RNA	RNA-Seq	SRP012000	PRJNA89525	SAMN01778299	PAIRED	cDNA	BCCAGSC	9.628813479397	9
SRR1810592	NCI_TARGET	sra,run.zq,fastq	Primary Blood Derived Cancer - Bone Marrow	11364779288	TARGET: Acute Myeloid Leukemia (AML)	s3,ncbi,gs	RNA	RNA-Seq	SRP012000	PRJNA89525	SAMN01778077	PAIRED	cDNA	BCCAGSC	9.640178258685	9
SRR1810593	NCI_TARGET	run.zq,fastq,sra	Primary Blood Derived Cancer - Bone Marrow	13199262312	TARGET: Acute Myeloid Leukemia (AML)	ncbi,s3,gs	RNA	RNA-Seq	SRP012000	PRJNA89525	SAMN01778259	PAIRED	cDNA	BCCAGSC	9.653377520997	9
SRR1810594	NCI_TARGET	fastq,sra,run.zq	Primary Blood Derived Cancer - Bone Marrow	11473637132	TARGET: Acute Myeloid Leukemia (AML)	gs,ncbi,s3	RNA	RNA-Seq	SRP012000	PRJNA89525	SAMN01778321	PAIRED	cDNA	BCCAGSC	9.664851158129	9
SRR1810595	NCI_TARGET	fastq,sra,run.zq	Primary Blood Derived Cancer - Bone Marrow	12367998167	TARGET: Acute Myeloid Leukemia (AML)	gs,s3,ncbi	RNA	RNA-Seq	SRP012000	PRJNA89525	SAMN01778283	PAIRED	cDNA	BCCAGSC	9.677219156296	9
SRR1810596	NCI_TARGET	sra,run.zq,fastq	Primary Blood Derived Cancer - Bone Marrow	14383674890	TARGET: Acute Myeloid Leukemia (AML)	s3,gs,ncbi	RNA	RNA-Seq	SRP012000	PRJNA89525	SAMN01778177	PAIRED	cDNA	BCCAGSC	9.691602831186	9
SRR1810597	NCI_TARGET	fastq,sra,run.zq	Primary Blood Derived Cancer - Bone Marrow	13192400637	TARGET: Acute Myeloid Leukemia (AML)	ncbi,s3,gs	RNA	RNA-Seq	SRP012000	PRJNA89525	SAMN01778285	PAIRED	cDNA	BCCAGSC	9.704795231823	9
SRR1810598	NCI_TARGET	run.zq,sra,fastq	Primary Blood Derived Cancer - Bone Marrow	16342435295	TARGET: Acute Myeloid Leukemia (AML)	ncbi,s3,gs	RNA	RNA-Seq	SRP012000	PRJNA89525	SAMN01778221	PAIRED	cDNA	BCCAGSC	9.721137667118	9
SRR1810599	NCI_TARGET	run.zq,fastq,sra	Primary Blood Derived Cancer - Bone Marrow	12666043599	TARGET: Acute Myeloid Leukemia (AML)	gs,s3,ncbi	RNA	RNA-Seq	SRP012000	PRJNA89525	SAMN01778260	PAIRED	cDNA	BCCAGSC	9.733803710717	9
SRR1810600	NCI_TARGET	run.zq,fastq,sra	Primary Blood Derived Cancer - Bone Marrow	7908416099	TARGET: Acute Myeloid Leukemia (AML)	ncbi,s3,gs	RNA	RNA-Seq	SRP012000	PRJNA89525	SAMN01778036	PAIRED	cDNA	BCCAGSC	9.741712126816	9
SRR1810601	NCI_TARGET	sra,fastq,run.zq	Primary Blood Derived Cancer - Bone Marrow	12777946550	TARGET: Acute Myeloid Leukemia (AML)	gs,s3,ncbi	RNA	RNA-Seq	SRP012000	PRJNA89525	SAMN01778248	PAIRED	cDNA	BCCAGSC	9.754490073366	9
SRR1810602	NCI_TARGET	fastq,run.zq,sra	Primary Blood Derived Cancer - Bone Marrow	13845851288	TARGET: Acute Myeloid Leukemia (AML)	ncbi,gs,s3	RNA	RNA-Seq	SRP012000	PRJNA89525	SAMN01778303	PAIRED	cDNA	BCCAGSC	9.768335924654	9
SRR1810603	NCI_TARGET	run.zq,fastq,sra	Primary Blood Derived Cancer - Peripheral Blood	10621976880	TARGET: Acute Myeloid Leukemia (AML)	s3,ncbi,gs	RNA	RNA-Seq	SRP012000	PRJNA89525	SAMN01778200	PAIRED	cDNA	BCCAGSC	9.778957901534	9
SRR1810604	NCI_TARGET	run.zq,sra,fastq	Primary Blood Derived Cancer - Bone Marrow	13004994594	TARGET: Acute Myeloid Leukemia (AML)	ncbi,s3,gs	RNA	RNA-Seq	SRP012000	PRJNA89525	SAMN01778242	PAIRED	cDNA	BCCAGSC	9.791962896128	9
SRR1810605	NCI_TARGET	run.zq,fastq,sra	Primary Blood Derived Cancer - Bone Marrow	11088350559	TARGET: Acute Myeloid Leukemia (AML)	s3,gs,ncbi	RNA	RNA-Seq	SRP012000	PRJNA89525	SAMN01778024	PAIRED	cDNA	BCCAGSC	9.803051246687	9
SRR1810606	NCI_TARGET	run.zq,fastq,sra	Primary Blood Derived Cancer - Bone Marrow	9966316985	TARGET: Acute Myeloid Leukemia (AML)	ncbi,gs,s3	RNA	RNA-Seq	SRP012000	PRJNA89525	SAMN01778175	PAIRED	cDNA	BCCAGSC	9.813017563672	9
SRR1810607	NCI_TARGET	sra,run.zq,fastq	Primary Blood Derived Cancer - Bone Marrow	13731406112	TARGET: Acute Myeloid Leukemia (AML)	gs,s3,ncbi	RNA	RNA-Seq	SRP012000	PRJNA89525	SAMN01778037	PAIRED	cDNA	BCCAGSC	9.826748969784	9
SRR1810608	NCI_TARGET	run.zq,sra,fastq	Primary Blood Derived Cancer - Bone Marrow	11690043009	TARGET: Acute Myeloid Leukemia (AML)	gs,ncbi,s3	RNA	RNA-Seq	SRP012000	PRJNA89525	SAMN01778152	PAIRED	cDNA	BCCAGSC	9.838439012793	9
SRR1810609	NCI_TARGET	fastq,sra,run.zq	Primary Blood Derived Cancer - Bone Marrow	12020978539	TARGET: Acute Myeloid Leukemia (AML)	gs,ncbi,s3	RNA	RNA-Seq	SRP012000	PRJNA89525	SAMN01778091	PAIRED	cDNA	BCCAGSC	9.850459991332	9
SRR1810610	NCI_TARGET	fastq,run.zq,sra	Primary Blood Derived Cancer - Bone Marrow	8870772087	TARGET: Acute Myeloid Leukemia (AML)	ncbi,s3,gs	RNA	RNA-Seq	SRP012000	PRJNA89525	SAMN01778220	PAIRED	cDNA	BCCAGSC	9.859330763419	9
SRR1810611	NCI_TARGET	sra,run.zq,fastq	Primary Blood Derived Cancer - Bone Marrow	13838611069	TARGET: Acute Myeloid Leukemia (AML)	gs,ncbi,s3	RNA	RNA-Seq	SRP012000	PRJNA89525	SAMN01778235	PAIRED	cDNA	BCCAGSC	9.873169374488	9
SRR1810612	NCI_TARGET	fastq,run.zq,sra	Primary Blood Derived Cancer - Bone Marrow	11680447271	TARGET: Acute Myeloid Leukemia (AML)	s3,gs,ncbi	RNA	RNA-Seq	SRP012000	PRJNA89525	SAMN01778034	PAIRED	cDNA	BCCAGSC	9.884849821759	9
SRR1810613	NCI_TARGET	fastq,run.zq,sra	Primary Blood Derived Cancer - Bone Marrow	11986940279	TARGET: Acute Myeloid Leukemia (AML)	gs,s3,ncbi	RNA	RNA-Seq	SRP012000	PRJNA89525	SAMN01778206	PAIRED	cDNA	BCCAGSC	9.896836762038	9
SRR1810614	NCI_TARGET	fastq,run.zq,sra	Primary Blood Derived Cancer - Bone Marrow	11230494753	TARGET: Acute Myeloid Leukemia (AML)	s3,ncbi,gs	RNA	RNA-Seq	SRP012000	PRJNA89525	SAMN01778057	PAIRED	cDNA	BCCAGSC	9.908067256791	9
SRR1810615	NCI_TARGET	sra,run.zq,fastq	Primary Blood Derived Cancer - Peripheral Blood	11802371693	TARGET: Acute Myeloid Leukemia (AML)	gs,s3,ncbi	RNA	RNA-Seq	SRP012000	PRJNA89525	SAMN01778002	PAIRED	cDNA	BCCAGSC	9.919869628484	9
SRR1810616	NCI_TARGET	run.zq,fastq,sra	Primary Blood Derived Cancer - Bone Marrow	12774932267	TARGET: Acute Myeloid Leukemia (AML)	s3,gs,ncbi	RNA	RNA-Seq	SRP012000	PRJNA89525	SAMN01778173	PAIRED	cDNA	BCCAGSC	9.932644560751	9
SRR1810617	NCI_TARGET	fastq,run.zq,sra	Primary Blood Derived Cancer - Bone Marrow	11135247387	TARGET: Acute Myeloid Leukemia (AML)	s3,ncbi,gs	RNA	RNA-Seq	SRP012000	PRJNA89525	SAMN01778155	PAIRED	cDNA	BCCAGSC	9.943779808138	9
SRR1810618	NCI_TARGET	fastq,run.zq,sra	Primary Blood Derived Cancer - Bone Marrow	13165353501	TARGET: Acute Myeloid Leukemia (AML)	s3,ncbi,gs	RNA	RNA-Seq	SRP012000	PRJNA89525	SAMN01778233	PAIRED	cDNA	BCCAGSC	9.956945161639	9
SRR1810619	NCI_TARGET	run.zq,sra,fastq	Primary Blood Derived Cancer - Peripheral Blood	12232737941	TARGET: Acute Myeloid Leukemia (AML)	s3,gs,ncbi	RNA	RNA-Seq	SRP012000	PRJNA89525	SAMN01778115	PAIRED	cDNA	BCCAGSC	9.96917789958	9
SRR1810620	NCI_TARGET	sra,run.zq,fastq	Primary Blood Derived Cancer - Bone Marrow	10301196288	TARGET: Acute Myeloid Leukemia (AML)	s3,ncbi,gs	RNA	RNA-Seq	SRP012000	PRJNA89525	SAMN01778136	PAIRED	cDNA	BCCAGSC	9.979479095868	9
SRR1810621	NCI_TARGET	fastq,sra,run.zq	Primary Blood Derived Cancer - Bone Marrow	12384134390	TARGET: Acute Myeloid Leukemia (AML)	s3,ncbi,gs	RNA	RNA-Seq	SRP012000	PRJNA89525	SAMN01778012	PAIRED	cDNA	BCCAGSC	9.991863230258	9
SRR1810622	NCI_TARGET	sra,run.zq,fastq	Primary Blood Derived Cancer - Bone Marrow	11594720372	TARGET: Acute Myeloid Leukemia (AML)	ncbi,gs,s3	RNA	RNA-Seq	SRP012000	PRJNA89525	SAMN01778062	PAIRED	cDNA	BCCAGSC	10.00345795063	9
SRR1810623	NCI_TARGET	sra,run.zq,fastq	Primary Blood Derived Cancer - Bone Marrow	10240304027	TARGET: Acute Myeloid Leukemia (AML)	ncbi,s3,gs	RNA	RNA-Seq	SRP012000	PRJNA89525	SAMN01778215	PAIRED	cDNA	BCCAGSC	10.013698254657	9
SRR1810624	NCI_TARGET	fastq,sra,run.zq	Primary Blood Derived Cancer - Peripheral Blood	14074689054	TARGET: Acute Myeloid Leukemia (AML)	ncbi,s3,gs	RNA	RNA-Seq	SRP012000	PRJNA89525	SAMN01778224	PAIRED	cDNA	BCCAGSC	10.027772943711	9
SRR1810625	NCI_TARGET	sra,run.zq,fastq	Primary Blood Derived Cancer - Bone Marrow	10939409006	TARGET: Acute Myeloid Leukemia (AML)	ncbi,gs,s3	RNA	RNA-Seq	SRP012000	PRJNA89525	SAMN01778250	PAIRED	cDNA	BCCAGSC	10.038712352717	9
SRR1810626	NCI_TARGET	sra,fastq,run.zq	Primary Blood Derived Cancer - Bone Marrow	12082490413	TARGET: Acute Myeloid Leukemia (AML)	s3,ncbi,gs	RNA	RNA-Seq	SRP012000	PRJNA89525	SAMN01778146	PAIRED	cDNA	BCCAGSC	10.05079484313	9
SRR1810627	NCI_TARGET	run.zq,sra,fastq	Primary Blood Derived Cancer - Bone Marrow	11030946996	TARGET: Acute Myeloid Leukemia (AML)	ncbi,s3,gs	RNA	RNA-Seq	SRP012000	PRJNA89525	SAMN01778249	PAIRED	cDNA	BCCAGSC	10.061825790126	9
SRR1810628	NCI_TARGET	run.zq,fastq,sra	Primary Blood Derived Cancer - Bone Marrow	12405757741	TARGET: Acute Myeloid Leukemia (AML)	ncbi,s3,gs	RNA	RNA-Seq	SRP012000	PRJNA89525	SAMN01778293	PAIRED	cDNA	BCCAGSC	10.074231547867	9
SRR1810629	NCI_TARGET	run.zq,fastq,sra	Primary Blood Derived Cancer - Bone Marrow	11528322045	TARGET: Acute Myeloid Leukemia (AML)	s3,ncbi,gs	RNA	RNA-Seq	SRP012000	PRJNA89525	SAMN01778121	PAIRED	cDNA	BCCAGSC	10.085759869912	9
SRR1810630	NCI_TARGET	fastq,sra,run.zq	Primary Blood Derived Cancer - Bone Marrow	12299314126	TARGET: Acute Myeloid Leukemia (AML)	s3,ncbi,gs	RNA	RNA-Seq	SRP012000	PRJNA89525	SAMN01778174	PAIRED	cDNA	BCCAGSC	10.098059184038	9
SRR1810631	NCI_TARGET	sra,fastq,run.zq	Primary Blood Derived Cancer - Bone Marrow	12023733430	TARGET: Acute Myeloid Leukemia (AML)	ncbi,gs,s3	RNA	RNA-Seq	SRP012000	PRJNA89525	SAMN01778308	PAIRED	cDNA	BCCAGSC	10.110082917468	9
SRR1810632	NCI_TARGET	fastq,run.zq,sra	Primary Blood Derived Cancer - Bone Marrow	10345924314	TARGET: Acute Myeloid Leukemia (AML)	gs,s3,ncbi	RNA	RNA-Seq	SRP012000	PRJNA89525	SAMN01778128	PAIRED	cDNA	BCCAGSC	10.120428841782	9
SRR1810633	NCI_TARGET	fastq,run.zq,sra	Primary Blood Derived Cancer - Peripheral Blood	12454437611	TARGET: Acute Myeloid Leukemia (AML)	ncbi,gs,s3	RNA	RNA-Seq	SRP012000	PRJNA89525	SAMN01778230	PAIRED	cDNA	BCCAGSC	10.132883279393	9
SRR1810634	NCI_TARGET	sra,fastq,run.zq	Primary Blood Derived Cancer - Bone Marrow	11689913146	TARGET: Acute Myeloid Leukemia (AML)	gs,ncbi,s3	RNA	RNA-Seq	SRP012000	PRJNA89525	SAMN01778039	PAIRED	cDNA	BCCAGSC	10.144573192539	9
SRR1810635	NCI_TARGET	run.zq,sra,fastq	Primary Blood Derived Cancer - Bone Marrow	12837257881	TARGET: Acute Myeloid Leukemia (AML)	gs,ncbi,s3	RNA	RNA-Seq	SRP012000	PRJNA89525	SAMN01778167	PAIRED	cDNA	BCCAGSC	10.15741045042	9
SRR1810636	NCI_TARGET	run.zq,fastq,sra	Primary Blood Derived Cancer - Bone Marrow	9288265159	TARGET: Acute Myeloid Leukemia (AML)	s3,ncbi,gs	RNA	RNA-Seq	SRP012000	PRJNA89525	SAMN01778124	PAIRED	cDNA	BCCAGSC	10.166698715579	9
SRR1810637	NCI_TARGET	sra,fastq,run.zq	Primary Blood Derived Cancer - Bone Marrow	10412675273	TARGET: Acute Myeloid Leukemia (AML)	s3,gs,ncbi	RNA	RNA-Seq	SRP012000	PRJNA89525	SAMN01778056	PAIRED	cDNA	BCCAGSC	10.177111390852	9
SRR1810638	NCI_TARGET	run.zq,fastq,sra	Primary Blood Derived Cancer - Bone Marrow	13421794612	TARGET: Acute Myeloid Leukemia (AML)	ncbi,gs,s3	RNA	RNA-Seq	SRP012000	PRJNA89525	SAMN01778081	PAIRED	cDNA	BCCAGSC	10.190533185464	9
SRR1810639	NCI_TARGET	fastq,run.zq,sra	Primary Blood Derived Cancer - Bone Marrow	14824173699	TARGET: Acute Myeloid Leukemia (AML)	gs,s3,ncbi	RNA	RNA-Seq	SRP012000	PRJNA89525	SAMN01778269	PAIRED	cDNA	BCCAGSC	10.205357359163	9
SRR1810640	NCI_TARGET	run.zq,sra,fastq	Primary Blood Derived Cancer - Bone Marrow	9802300269	TARGET: Acute Myeloid Leukemia (AML)	s3,gs,ncbi	RNA	RNA-Seq	SRP012000	PRJNA89525	SAMN01778316	PAIRED	cDNA	BCCAGSC	10.215159659432	9
SRR1810641	NCI_TARGET	run.zq,sra,fastq	Primary Blood Derived Cancer - Bone Marrow	11460631299	TARGET: Acute Myeloid Leukemia (AML)	ncbi,gs,s3	RNA	RNA-Seq	SRP012000	PRJNA89525	SAMN01778272	PAIRED	cDNA	BCCAGSC	10.226620290731	9
SRR1810642	NCI_TARGET	fastq,run.zq,sra	Primary Blood Derived Cancer - Bone Marrow	13219140987	TARGET: Acute Myeloid Leukemia (AML)	s3,ncbi,gs	RNA	RNA-Seq	SRP012000	PRJNA89525	SAMN01778030	PAIRED	cDNA	BCCAGSC	10.239839431718	9
SRR1810643	NCI_TARGET	sra,run.zq,fastq	Primary Blood Derived Cancer - Bone Marrow	11643596286	TARGET: Acute Myeloid Leukemia (AML)	s3,ncbi,gs	RNA	RNA-Seq	SRP012000	PRJNA89525	SAMN01778237	PAIRED	cDNA	BCCAGSC	10.251483028004	9
SRR1810644	NCI_TARGET	run.zq,sra,fastq	Primary Blood Derived Cancer - Bone Marrow	13238280342	TARGET: Acute Myeloid Leukemia (AML)	gs,s3,ncbi	RNA	RNA-Seq	SRP012000	PRJNA89525	SAMN01778031	PAIRED	cDNA	BCCAGSC	10.264721308346	9
SRR1810645	NCI_TARGET	sra,fastq,run.zq	Primary Blood Derived Cancer - Bone Marrow	15504399627	TARGET: Acute Myeloid Leukemia (AML)	gs,ncbi,s3	RNA	RNA-Seq	SRP012000	PRJNA89525	SAMN01778197	PAIRED	cDNA	BCCAGSC	10.280225707973	9
SRR1810803	NCI_TARGET	fastq,run.zq,sra	Primary Solid Tumor	13949734269	TARGET: Kidney\, Wilms Tumor (WT)	ncbi,gs,s3	RNA	RNA-Seq	SRP012006	PRJNA89521	SAMN02724528	PAIRED	cDNA	BCCAGSC	10.294175442242	9
SRR1810804	NCI_TARGET	sra,run.zq,fastq	Primary Solid Tumor	8684457725	TARGET: Kidney\, Wilms Tumor (WT)	gs,ncbi,s3	RNA	RNA-Seq	SRP012006	PRJNA89521	SAMN02724470	PAIRED	cDNA	BCCAGSC	10.302859899967	9
SRR1784861	NCI_TARGET	run.zq,sra,fastq	Primary Solid Tumor	4039392219	TARGET: Kidney\, Wilms Tumor (WT)	ncbi,s3,gs	RNA	RNA-Seq	SRP012006	PRJNA89521	SAMN02724519	PAIRED	cDNA	BCCAGSC	10.306899292186	9
SRR1784862	NCI_TARGET	sra,run.zq,fastq	Primary Solid Tumor	3991156447	TARGET: Kidney\, Wilms Tumor (WT)	ncbi,s3,gs	RNA	RNA-Seq	SRP012006	PRJNA89521	SAMN02724519	PAIRED	cDNA	BCCAGSC	10.310890448633	9
SRR1784863	NCI_TARGET	fastq,run.zq,sra	Recurrent Solid Tumor	8071006337	TARGET: Kidney\, Wilms Tumor (WT)	s3,ncbi,gs	RNA	RNA-Seq	SRP012006	PRJNA89521	SAMN02724693	PAIRED	cDNA	BCCAGSC	10.31896145497	9
SRR1784864	NCI_TARGET	fastq,sra,run.zq	Recurrent Solid Tumor	7155413650	TARGET: Kidney\, Wilms Tumor (WT)	s3,ncbi,gs	RNA	RNA-Seq	SRP012006	PRJNA89521	SAMN02724496	PAIRED	cDNA	BCCAGSC	10.32611686862	9
SRR1784866	NCI_TARGET	run.zq,fastq,sra	Primary Solid Tumor	10531906142	TARGET: Kidney\, Wilms Tumor (WT)	ncbi,gs,s3	RNA	RNA-Seq	SRP012006	PRJNA89521	SAMN02724651	PAIRED	cDNA	BCCAGSC	10.336648774762	9
SRR1784868	NCI_TARGET	fastq,sra,run.zq	Primary Solid Tumor	5911505670	TARGET: Kidney\, Wilms Tumor (WT)	ncbi,gs,s3	RNA	RNA-Seq	SRP012006	PRJNA89521	SAMN02724710	PAIRED	cDNA	BCCAGSC	10.342560280432	9
SRR1784869	NCI_TARGET	sra,fastq,run.zq	Primary Solid Tumor	7356935594	TARGET: Kidney\, Wilms Tumor (WT)	ncbi,gs,s3	RNA	RNA-Seq	SRP012006	PRJNA89521	SAMN02724490	PAIRED	cDNA	BCCAGSC	10.349917216026	9
SRR4419553	NCI_TARGET	fastq,run.zq,sra	Recurrent Blood Derived Cancer - Bone Marrow	7366034144	TARGET: Acute Lymphoblastic Leukemia (ALL) Expansion Phase 2	gs,ncbi,s3	RNA	RNA-Seq	SRP011999	PRJNA89529	SAMN05784898	PAIRED	cDNA	BCCAGSC	10.35728325017	9
SRR4419555	NCI_TARGET	fastq,run.zq,sra	Primary Blood Derived Cancer - Peripheral Blood	8418429336	TARGET: Acute Lymphoblastic Leukemia (ALL) Expansion Phase 2	gs,ncbi,s3	RNA	RNA-Seq	SRP011999	PRJNA89529	SAMN05784922	PAIRED	cDNA	BCCAGSC	10.365701679506	9
SRR4419556	NCI_TARGET	fastq,run.zq,sra	Primary Blood Derived Cancer - Bone Marrow	7004462986	TARGET: Acute Lymphoblastic Leukemia (ALL) Expansion Phase 2	gs,ncbi,s3	RNA	RNA-Seq	SRP011999	PRJNA89529	SAMN05784937	PAIRED	cDNA	BCCAGSC	10.372706142492	9
SRR4419557	NCI_TARGET	fastq,run.zq,sra	Primary Blood Derived Cancer - Bone Marrow	5271996730	TARGET: Acute Lymphoblastic Leukemia (ALL) Expansion Phase 2	gs,ncbi,s3	RNA	RNA-Seq	SRP011999	PRJNA89529	SAMN05784866	PAIRED	cDNA	BCCAGSC	10.377978139222	9
SRR4419558	NCI_TARGET	fastq,run.zq,sra	Primary Blood Derived Cancer - Peripheral Blood	7339187891	TARGET: Acute Lymphoblastic Leukemia (ALL) Expansion Phase 2	gs,ncbi,s3	RNA	RNA-Seq	SRP011999	PRJNA89529	SAMN05784788	PAIRED	cDNA	BCCAGSC	10.385317327113	9
SRR4419559	NCI_TARGET	fastq,run.zq,sra	Primary Blood Derived Cancer - Bone Marrow	7664241854	TARGET: Acute Lymphoblastic Leukemia (ALL) Expansion Phase 2	gs,ncbi,s3	RNA	RNA-Seq	SRP011999	PRJNA89529	SAMN05784648	PAIRED	cDNA	BCCAGSC	10.392981568967	9
SRR4419560	NCI_TARGET	fastq,run.zq,sra	Primary Blood Derived Cancer - Bone Marrow	7620263555	TARGET: Acute Lymphoblastic Leukemia (ALL) Expansion Phase 2	gs,ncbi,s3	RNA	RNA-Seq	SRP011999	PRJNA89529	SAMN05784918	PAIRED	cDNA	BCCAGSC	10.400601832522	9
SRR4419561	NCI_TARGET	fastq,run.zq,sra	Primary Blood Derived Cancer - Bone Marrow	7334318937	TARGET: Acute Lymphoblastic Leukemia (ALL) Expansion Phase 2	gs,ncbi,s3	RNA	RNA-Seq	SRP011999	PRJNA89529	SAMN05784678	PAIRED	cDNA	BCCAGSC	10.407936151459	9
SRR4419562	NCI_TARGET	fastq,run.zq,sra	Primary Blood Derived Cancer - Bone Marrow	6936237951	TARGET: Acute Lymphoblastic Leukemia (ALL) Expansion Phase 2	gs,ncbi,s3	RNA	RNA-Seq	SRP011999	PRJNA89529	SAMN05784827	PAIRED	cDNA	BCCAGSC	10.41487238941	9
SRR4419563	NCI_TARGET	fastq,run.zq,sra	Primary Blood Derived Cancer - Bone Marrow	7615381467	TARGET: Acute Lymphoblastic Leukemia (ALL) Expansion Phase 2	gs,ncbi,s3	RNA	RNA-Seq	SRP011999	PRJNA89529	SAMN05784754	PAIRED	cDNA	BCCAGSC	10.422487770877	9
SRR4419564	NCI_TARGET	fastq,run.zq,sra	Primary Blood Derived Cancer - Bone Marrow	7204286607	TARGET: Acute Lymphoblastic Leukemia (ALL) Expansion Phase 2	gs,ncbi,s3	RNA	RNA-Seq	SRP011999	PRJNA89529	SAMN05784868	PAIRED	cDNA	BCCAGSC	10.429692057484	9
SRR4419566	NCI_TARGET	fastq,run.zq,sra	Primary Blood Derived Cancer - Bone Marrow	6742863682	TARGET: Acute Lymphoblastic Leukemia (ALL) Expansion Phase 2	gs,ncbi,s3	RNA	RNA-Seq	SRP011999	PRJNA89529	SAMN05784657	PAIRED	cDNA	BCCAGSC	10.436434921166	9
SRR4419567	NCI_TARGET	fastq,run.zq,sra	Recurrent Blood Derived Cancer - Bone Marrow	6563730698	TARGET: Acute Lymphoblastic Leukemia (ALL) Expansion Phase 2	gs,ncbi,s3	RNA	RNA-Seq	SRP011999	PRJNA89529	SAMN05784878	PAIRED	cDNA	BCCAGSC	10.442998651864	9
SRR4419568	NCI_TARGET	fastq,run.zq,sra	Recurrent Blood Derived Cancer - Bone Marrow	7100774972	TARGET: Acute Lymphoblastic Leukemia (ALL) Expansion Phase 2	gs,ncbi,s3	RNA	RNA-Seq	SRP011999	PRJNA89529	SAMN05784741	PAIRED	cDNA	BCCAGSC	10.450099426836	9
SRR4419569	NCI_TARGET	fastq,run.zq,sra	Recurrent Blood Derived Cancer - Bone Marrow	7428062616	TARGET: Acute Lymphoblastic Leukemia (ALL) Expansion Phase 2	gs,ncbi,s3	RNA	RNA-Seq	SRP011999	PRJNA89529	SAMN05784884	PAIRED	cDNA	BCCAGSC	10.457527489452	9
SRR4419570	NCI_TARGET	fastq,run.zq,sra	Primary Blood Derived Cancer - Bone Marrow	7253122324	TARGET: Acute Lymphoblastic Leukemia (ALL) Expansion Phase 2	gs,ncbi,s3	RNA	RNA-Seq	SRP011999	PRJNA89529	SAMN05784833	PAIRED	cDNA	BCCAGSC	10.464780611776	9
SRR4419571	NCI_TARGET	fastq,run.zq,sra	Recurrent Blood Derived Cancer - Bone Marrow	8094044835	TARGET: Acute Lymphoblastic Leukemia (ALL) Expansion Phase 2	gs,ncbi,s3	RNA	RNA-Seq	SRP011999	PRJNA89529	SAMN05784814	PAIRED	cDNA	BCCAGSC	10.472874656611	9
SRR2042835	NCI_TARGET	sra,run.zq,fastq	Primary Solid Tumor	9678552054	TARGET: Kidney\, Rhabdoid Tumor (RT)	ncbi,s3,gs	RNA	RNA-Seq	SRP012005	PRJNA89539	SAMN03153953	PAIRED	cDNA	BCCAGSC	10.482553208665	9
SRR2042836	NCI_TARGET	run.zq,sra,fastq	Primary Solid Tumor	16130443839	TARGET: Kidney\, Rhabdoid Tumor (RT)	gs,ncbi,s3	RNA	RNA-Seq	SRP012005	PRJNA89539	SAMN03153994	PAIRED	cDNA	BCCAGSC	10.498683652504	9
SRR2059683	NCI_TARGET	sra,fastq,run.zq	Primary Solid Tumor	6062558983	TARGET: Kidney\, Rhabdoid Tumor (RT)	ncbi,gs,s3	RNA	RNA-Seq	SRP012005	PRJNA89539	SAMN01778444	PAIRED	cDNA	BCCAGSC	10.504746211487	9
SRR2059684	NCI_TARGET	sra,fastq,run.zq	Primary Solid Tumor	5847415954	TARGET: Kidney\, Rhabdoid Tumor (RT)	ncbi,s3,gs	RNA	RNA-Seq	SRP012005	PRJNA89539	SAMN01778465	PAIRED	cDNA	BCCAGSC	10.510593627441	9
SRR2059685	NCI_TARGET	fastq,run.zq,sra	Primary Solid Tumor	6163222781	TARGET: Kidney\, Rhabdoid Tumor (RT)	s3,ncbi,gs	RNA	RNA-Seq	SRP012005	PRJNA89539	SAMN01778444	PAIRED	cDNA	BCCAGSC	10.516756850222	9
SRR2059686	NCI_TARGET	fastq,sra,run.zq	Primary Solid Tumor	6937023722	TARGET: Kidney\, Rhabdoid Tumor (RT)	gs,ncbi,s3	RNA	RNA-Seq	SRP012005	PRJNA89539	SAMN01778495	PAIRED	cDNA	BCCAGSC	10.523693873944	9
SRR2059687	NCI_TARGET	fastq,run.zq,sra	Primary Solid Tumor	7250857790	TARGET: Kidney\, Rhabdoid Tumor (RT)	s3,gs,ncbi	RNA	RNA-Seq	SRP012005	PRJNA89539	SAMN01778495	PAIRED	cDNA	BCCAGSC	10.530944731734	9
SRR2059688	NCI_TARGET	run.zq,sra,fastq	Primary Solid Tumor	5781444960	TARGET: Kidney\, Rhabdoid Tumor (RT)	gs,s3,ncbi	RNA	RNA-Seq	SRP012005	PRJNA89539	SAMN01778465	PAIRED	cDNA	BCCAGSC	10.536726176694	9
SRR2239654	NCI_TARGET	run.zq,sra,fastq	Primary Blood Derived Cancer - Peripheral Blood	2810480241	TARGET: Acute Myeloid Leukemia (AML)	gs,ncbi,s3	RNA	RNA-Seq	SRP012000	PRJNA89525	SAMN01778126	PAIRED	cDNA	HAIB	10.539536656935	9
SRR2239655	NCI_TARGET	run.zq,fastq,sra	Primary Blood Derived Cancer - Bone Marrow	1920495814	TARGET: Acute Myeloid Leukemia (AML)	s3,ncbi,gs	RNA	RNA-Seq	SRP012000	PRJNA89525	SAMN01778099	PAIRED	cDNA	HAIB	10.541457152749	9
SRR2239656	NCI_TARGET	run.zq,fastq,sra	Primary Blood Derived Cancer - Peripheral Blood	1743475843	TARGET: Acute Myeloid Leukemia (AML)	ncbi,s3,gs	RNA	RNA-Seq	SRP012000	PRJNA89525	SAMN01778144	PAIRED	cDNA	HAIB	10.543200628592	9
SRR2239657	NCI_TARGET	run.zq,sra,fastq	Primary Blood Derived Cancer - Bone Marrow	1239404040	TARGET: Acute Myeloid Leukemia (AML)	gs,s3,ncbi	RNA	RNA-Seq	SRP012000	PRJNA89525	SAMN01778153	PAIRED	cDNA	HAIB	10.544440032632	9
SRR2239658	NCI_TARGET	sra,fastq,run.zq	Primary Blood Derived Cancer - Bone Marrow	1738107041	TARGET: Acute Myeloid Leukemia (AML)	ncbi,gs,s3	RNA	RNA-Seq	SRP012000	PRJNA89525	SAMN01778133	PAIRED	cDNA	HAIB	10.546178139673	9
SRR2239659	NCI_TARGET	run.zq,sra,fastq	Primary Blood Derived Cancer - Bone Marrow	2181205820	TARGET: Acute Myeloid Leukemia (AML)	ncbi,s3,gs	RNA	RNA-Seq	SRP012000	PRJNA89525	SAMN01778131	PAIRED	cDNA	HAIB	10.548359345493	9
SRR2239660	NCI_TARGET	fastq,run.zq,sra	Primary Blood Derived Cancer - Bone Marrow	1930476100	TARGET: Acute Myeloid Leukemia (AML)	gs,s3,ncbi	RNA	RNA-Seq	SRP012000	PRJNA89525	SAMN01778196	PAIRED	cDNA	HAIB	10.550289821593	9
SRR2239661	NCI_TARGET	fastq,run.zq,sra	Primary Blood Derived Cancer - Bone Marrow	1550081585	TARGET: Acute Myeloid Leukemia (AML)	gs,s3,ncbi	RNA	RNA-Seq	SRP012000	PRJNA89525	SAMN01778189	PAIRED	cDNA	HAIB	10.551839903178	9
SRR2239662	NCI_TARGET	run.zq,fastq,sra	Primary Blood Derived Cancer - Bone Marrow	1410640676	TARGET: Acute Myeloid Leukemia (AML)	ncbi,gs,s3	RNA	RNA-Seq	SRP012000	PRJNA89525	SAMN01778038	PAIRED	cDNA	HAIB	10.553250543854	9
SRR2239663	NCI_TARGET	sra,run.zq,fastq	Primary Blood Derived Cancer - Bone Marrow	1828503406	TARGET: Acute Myeloid Leukemia (AML)	s3,ncbi,gs	RNA	RNA-Seq	SRP012000	PRJNA89525	SAMN01778275	PAIRED	cDNA	HAIB	10.55507904726	9
SRR2239664	NCI_TARGET	sra,run.zq,fastq	Primary Blood Derived Cancer - Bone Marrow	2036104125	TARGET: Acute Myeloid Leukemia (AML)	gs,s3,ncbi	RNA	RNA-Seq	SRP012000	PRJNA89525	SAMN01778003	PAIRED	cDNA	HAIB	10.557115151385	9
SRR2239665	NCI_TARGET	sra,fastq,run.zq	Primary Blood Derived Cancer - Bone Marrow	1506157479	TARGET: Acute Myeloid Leukemia (AML)	s3,gs,ncbi	RNA	RNA-Seq	SRP012000	PRJNA89525	SAMN01778087	PAIRED	cDNA	HAIB	10.558621308864	9
SRR2239666	NCI_TARGET	run.zq,sra,fastq	Primary Blood Derived Cancer - Bone Marrow	1934072103	TARGET: Acute Myeloid Leukemia (AML)	s3,gs,ncbi	RNA	RNA-Seq	SRP012000	PRJNA89525	SAMN01778098	PAIRED	cDNA	HAIB	10.560555380967	9
SRR2239667	NCI_TARGET	fastq,run.zq,sra	Primary Blood Derived Cancer - Peripheral Blood	2047654754	TARGET: Acute Myeloid Leukemia (AML)	s3,gs,ncbi	RNA	RNA-Seq	SRP012000	PRJNA89525	SAMN01778111	PAIRED	cDNA	HAIB	10.562603035721	9
SRR2239668	NCI_TARGET	fastq,run.zq,sra	Primary Blood Derived Cancer - Bone Marrow	1555637759	TARGET: Acute Myeloid Leukemia (AML)	ncbi,s3,gs	RNA	RNA-Seq	SRP012000	PRJNA89525	SAMN01778290	PAIRED	cDNA	HAIB	10.56415867348	9
SRR2239669	NCI_TARGET	fastq,run.zq,sra	Primary Blood Derived Cancer - Bone Marrow	1686284696	TARGET: Acute Myeloid Leukemia (AML)	s3,ncbi,gs	RNA	RNA-Seq	SRP012000	PRJNA89525	SAMN01778166	PAIRED	cDNA	HAIB	10.565844958176	9
SRR2239670	NCI_TARGET	fastq,sra,run.zq	Primary Blood Derived Cancer - Bone Marrow	1676636135	TARGET: Acute Myeloid Leukemia (AML)	gs,ncbi,s3	RNA	RNA-Seq	SRP012000	PRJNA89525	SAMN01778161	PAIRED	cDNA	HAIB	10.567521594311	9
SRR2239671	NCI_TARGET	fastq,sra,run.zq	Primary Blood Derived Cancer - Bone Marrow	1753838293	TARGET: Acute Myeloid Leukemia (AML)	ncbi,gs,s3	RNA	RNA-Seq	SRP012000	PRJNA89525	SAMN01778304	PAIRED	cDNA	HAIB	10.569275432604	9
SRR2239673	NCI_TARGET	fastq,sra,run.zq	Primary Blood Derived Cancer - Bone Marrow	1595308270	TARGET: Acute Myeloid Leukemia (AML)	ncbi,s3,gs	RNA	RNA-Seq	SRP012000	PRJNA89525	SAMN01778070	PAIRED	cDNA	HAIB	10.570870740874	9
SRR2239679	NCI_TARGET	run.zq,sra,fastq	Primary Blood Derived Cancer - Bone Marrow	1598267114	TARGET: Acute Myeloid Leukemia (AML)	gs,ncbi,s3	RNA	RNA-Seq	SRP012000	PRJNA89525	SAMN01778209	PAIRED	cDNA	HAIB	10.572469007988	9
SRR2239680	NCI_TARGET	sra,fastq,run.zq	Primary Blood Derived Cancer - Bone Marrow	2010865417	TARGET: Acute Myeloid Leukemia (AML)	s3,ncbi,gs	RNA	RNA-Seq	SRP012000	PRJNA89525	SAMN01778058	PAIRED	cDNA	HAIB	10.574479873405	9
SRR2239681	NCI_TARGET	sra,fastq,run.zq	Primary Blood Derived Cancer - Bone Marrow	1388377608	TARGET: Acute Myeloid Leukemia (AML)	s3,ncbi,gs	RNA	RNA-Seq	SRP012000	PRJNA89525	SAMN01778047	PAIRED	cDNA	HAIB	10.575868251013	9
SRR2239682	NCI_TARGET	sra,run.zq,fastq	Primary Blood Derived Cancer - Bone Marrow	2264623053	TARGET: Acute Myeloid Leukemia (AML)	gs,ncbi,s3	RNA	RNA-Seq	SRP012000	PRJNA89525	SAMN01778238	PAIRED	cDNA	HAIB	10.578132874066	9
SRR2239683	NCI_TARGET	sra,run.zq,fastq	Primary Blood Derived Cancer - Bone Marrow	1080943127	TARGET: Acute Myeloid Leukemia (AML)	gs,ncbi,s3	RNA	RNA-Seq	SRP012000	PRJNA89525	SAMN01778138	PAIRED	cDNA	HAIB	10.579213817193	9
SRR2239685	NCI_TARGET	run.zq,fastq,sra	Primary Blood Derived Cancer - Bone Marrow	920647345	TARGET: Acute Myeloid Leukemia (AML)	ncbi,gs,s3	RNA	RNA-Seq	SRP012000	PRJNA89525	SAMN01778005	PAIRED	cDNA	HAIB	10.580134464538	9
SRR2239686	NCI_TARGET	sra,run.zq,fastq	Primary Blood Derived Cancer - Bone Marrow	1592911489	TARGET: Acute Myeloid Leukemia (AML)	s3,ncbi,gs	RNA	RNA-Seq	SRP012000	PRJNA89525	SAMN01778027	PAIRED	cDNA	HAIB	10.581727376027	9
SRR2239687	NCI_TARGET	fastq,sra,run.zq	Primary Blood Derived Cancer - Bone Marrow	1545304538	TARGET: Acute Myeloid Leukemia (AML)	ncbi,s3,gs	RNA	RNA-Seq	SRP012000	PRJNA89525	SAMN01778040	PAIRED	cDNA	HAIB	10.583272680565	9
SRR2239689	NCI_TARGET	fastq,run.zq,sra	Primary Blood Derived Cancer - Bone Marrow	1639680568	TARGET: Acute Myeloid Leukemia (AML)	s3,gs,ncbi	RNA	RNA-Seq	SRP012000	PRJNA89525	SAMN01778084	PAIRED	cDNA	HAIB	10.584912361133	9
SRR2239690	NCI_TARGET	sra,fastq,run.zq	Primary Blood Derived Cancer - Bone Marrow	1326860332	TARGET: Acute Myeloid Leukemia (AML)	s3,gs,ncbi	RNA	RNA-Seq	SRP012000	PRJNA89525	SAMN01778085	PAIRED	cDNA	HAIB	10.586239221465	9
SRR2239691	NCI_TARGET	sra,fastq,run.zq	Primary Blood Derived Cancer - Peripheral Blood	1064357111	TARGET: Acute Myeloid Leukemia (AML)	s3,ncbi,gs	RNA	RNA-Seq	SRP012000	PRJNA89525	SAMN01778125	PAIRED	cDNA	HAIB	10.587303578576	9
SRR2239693	NCI_TARGET	sra,fastq,run.zq	Primary Blood Derived Cancer - Bone Marrow	1194517553	TARGET: Acute Myeloid Leukemia (AML)	s3,gs,ncbi	RNA	RNA-Seq	SRP012000	PRJNA89525	SAMN01778079	PAIRED	cDNA	HAIB	10.588498096129	9
SRR2239694	NCI_TARGET	sra,fastq,run.zq	Primary Blood Derived Cancer - Bone Marrow	1379940631	TARGET: Acute Myeloid Leukemia (AML)	ncbi,gs,s3	RNA	RNA-Seq	SRP012000	PRJNA89525	SAMN01778159	PAIRED	cDNA	HAIB	10.58987803676	9
SRR2239695	NCI_TARGET	run.zq,fastq,sra	Primary Blood Derived Cancer - Bone Marrow	1321823521	TARGET: Acute Myeloid Leukemia (AML)	s3,gs,ncbi	RNA	RNA-Seq	SRP012000	PRJNA89525	SAMN01778132	PAIRED	cDNA	HAIB	10.591199860281	9
SRR2239696	NCI_TARGET	fastq,sra,run.zq	Primary Blood Derived Cancer - Bone Marrow	2028610288	TARGET: Acute Myeloid Leukemia (AML)	gs,s3,ncbi	RNA	RNA-Seq	SRP012000	PRJNA89525	SAMN01778277	PAIRED	cDNA	HAIB	10.593228470569	9
SRR2239698	NCI_TARGET	sra,fastq,run.zq	Primary Blood Derived Cancer - Bone Marrow	3346180605	TARGET: Acute Myeloid Leukemia (AML)	ncbi,gs,s3	RNA	RNA-Seq	SRP012000	PRJNA89525	SAMN01778101	PAIRED	cDNA	HAIB	10.596574651174	9
SRR2239699	NCI_TARGET	fastq,sra,run.zq	Primary Blood Derived Cancer - Bone Marrow	2258819305	TARGET: Acute Myeloid Leukemia (AML)	s3,gs,ncbi	RNA	RNA-Seq	SRP012000	PRJNA89525	SAMN01778083	PAIRED	cDNA	HAIB	10.598833470479	9
SRR2239700	NCI_TARGET	fastq,run.zq,sra	Primary Blood Derived Cancer - Bone Marrow	1986039304	TARGET: Acute Myeloid Leukemia (AML)	s3,ncbi,gs	RNA	RNA-Seq	SRP012000	PRJNA89525	SAMN01778190	PAIRED	cDNA	HAIB	10.600819509783	9
SRR2239701	NCI_TARGET	sra,fastq,run.zq	Primary Blood Derived Cancer - Bone Marrow	1102630767	TARGET: Acute Myeloid Leukemia (AML)	ncbi,gs,s3	RNA	RNA-Seq	SRP012000	PRJNA89525	SAMN01778236	PAIRED	cDNA	HAIB	10.60192214055	9
SRR2239704	NCI_TARGET	fastq,sra,run.zq	Primary Blood Derived Cancer - Bone Marrow	2114113474	TARGET: Acute Myeloid Leukemia (AML)	s3,ncbi,gs	RNA	RNA-Seq	SRP012000	PRJNA89525	SAMN01778065	PAIRED	cDNA	HAIB	10.604036254024	9
SRR2239705	NCI_TARGET	sra,run.zq,fastq	Primary Blood Derived Cancer - Bone Marrow	1489186062	TARGET: Acute Myeloid Leukemia (AML)	s3,ncbi,gs	RNA	RNA-Seq	SRP012000	PRJNA89525	SAMN01778195	PAIRED	cDNA	HAIB	10.605525440086	9
SRR2239706	NCI_TARGET	run.zq,fastq,sra	Primary Blood Derived Cancer - Bone Marrow	1100409636	TARGET: Acute Myeloid Leukemia (AML)	ncbi,s3,gs	RNA	RNA-Seq	SRP012000	PRJNA89525	SAMN01778108	PAIRED	cDNA	HAIB	10.606625849722	9
SRR2239708	NCI_TARGET	fastq,sra,run.zq	Primary Blood Derived Cancer - Bone Marrow	2076263580	TARGET: Acute Myeloid Leukemia (AML)	gs,s3,ncbi	RNA	RNA-Seq	SRP012000	PRJNA89525	SAMN01778069	PAIRED	cDNA	HAIB	10.608702113302	9
SRR2239709	NCI_TARGET	sra,fastq,run.zq	Primary Blood Derived Cancer - Bone Marrow	2131119310	TARGET: Acute Myeloid Leukemia (AML)	gs,ncbi,s3	RNA	RNA-Seq	SRP012000	PRJNA89525	SAMN01778082	PAIRED	cDNA	HAIB	10.610833232612	9
SRR2239710	NCI_TARGET	fastq,run.zq,sra	Primary Blood Derived Cancer - Bone Marrow	1625418100	TARGET: Acute Myeloid Leukemia (AML)	s3,ncbi,gs	RNA	RNA-Seq	SRP012000	PRJNA89525	SAMN01778205	PAIRED	cDNA	HAIB	10.612458650712	9
SRR2239711	NCI_TARGET	run.zq,sra,fastq	Primary Blood Derived Cancer - Bone Marrow	1150840919	TARGET: Acute Myeloid Leukemia (AML)	gs,ncbi,s3	RNA	RNA-Seq	SRP012000	PRJNA89525	SAMN01778185	PAIRED	cDNA	HAIB	10.613609491631	9
SRR2239713	NCI_TARGET	fastq,sra,run.zq	Primary Blood Derived Cancer - Bone Marrow	1237363616	TARGET: Acute Myeloid Leukemia (AML)	gs,s3,ncbi	RNA	RNA-Seq	SRP012000	PRJNA89525	SAMN01778156	PAIRED	cDNA	HAIB	10.614846855247	9
SRR2239714	NCI_TARGET	fastq,sra,run.zq	Primary Blood Derived Cancer - Bone Marrow	1772001085	TARGET: Acute Myeloid Leukemia (AML)	ncbi,s3,gs	RNA	RNA-Seq	SRP012000	PRJNA89525	SAMN01778289	PAIRED	cDNA	HAIB	10.616618856332	9
SRR2239718	NCI_TARGET	fastq,run.zq,sra	Primary Blood Derived Cancer - Bone Marrow	1819417201	TARGET: Acute Myeloid Leukemia (AML)	s3,ncbi,gs	RNA	RNA-Seq	SRP012000	PRJNA89525	SAMN01778169	PAIRED	cDNA	HAIB	10.618438273533	9
SRR2239720	NCI_TARGET	fastq,run.zq,sra	Primary Blood Derived Cancer - Peripheral Blood	1854175713	TARGET: Acute Myeloid Leukemia (AML)	ncbi,gs,s3	RNA	RNA-Seq	SRP012000	PRJNA89525	SAMN01778127	PAIRED	cDNA	HAIB	10.620292449246	9
SRR2042832	NCI_TARGET	fastq,sra,run.zq	Primary Solid Tumor	5764418030	TARGET: Kidney\, Rhabdoid Tumor (RT)	s3,gs,ncbi	RNA	RNA-Seq	SRP012005	PRJNA89539	SAMN03153955	PAIRED	cDNA	BCCAGSC	10.626056867276	9
SRR2042834	NCI_TARGET	fastq,sra,run.zq	Primary Solid Tumor	7994266544	TARGET: Kidney\, Rhabdoid Tumor (RT)	s3,gs,ncbi	RNA	RNA-Seq	SRP012005	PRJNA89539	SAMN03153965	PAIRED	cDNA	BCCAGSC	10.63405113382	9
SRR2042837	NCI_TARGET	fastq,run.zq,sra	Primary Solid Tumor	9461395699	TARGET: Kidney\, Rhabdoid Tumor (RT)	gs,s3,ncbi	RNA	RNA-Seq	SRP012005	PRJNA89539	SAMN03153944	PAIRED	cDNA	BCCAGSC	10.643512529519	9
SRR2042838	NCI_TARGET	run.zq,sra,fastq	Primary Solid Tumor	8295072369	TARGET: Kidney\, Rhabdoid Tumor (RT)	gs,s3,ncbi	RNA	RNA-Seq	SRP012005	PRJNA89539	SAMN03153988	PAIRED	cDNA	BCCAGSC	10.651807601888	9
SRR2042839	NCI_TARGET	sra,run.zq,fastq	Primary Solid Tumor	4750017579	TARGET: Kidney\, Rhabdoid Tumor (RT)	s3,gs,ncbi	RNA	RNA-Seq	SRP012005	PRJNA89539	SAMN03153968	PAIRED	cDNA	BCCAGSC	10.656557619467	9
SRR2042840	NCI_TARGET	sra,fastq,run.zq	Primary Solid Tumor	10732028301	TARGET: Kidney\, Rhabdoid Tumor (RT)	gs,ncbi,s3	RNA	RNA-Seq	SRP012005	PRJNA89539	SAMN03154008	PAIRED	cDNA	BCCAGSC	10.667289647768	9
SRR2042841	NCI_TARGET	run.zq,fastq,sra	Primary Solid Tumor	6002013627	TARGET: Kidney\, Rhabdoid Tumor (RT)	ncbi,s3,gs	RNA	RNA-Seq	SRP012005	PRJNA89539	SAMN03153990	PAIRED	cDNA	BCCAGSC	10.673291661395	9
SRR2042842	NCI_TARGET	fastq,run.zq,sra	Primary Solid Tumor	3620708031	TARGET: Kidney\, Rhabdoid Tumor (RT)	ncbi,s3,gs	RNA	RNA-Seq	SRP012005	PRJNA89539	SAMN03153953	PAIRED	cDNA	BCCAGSC	10.676912369426	9
SRR2042843	NCI_TARGET	sra,fastq,run.zq	Primary Solid Tumor	9686313988	TARGET: Kidney\, Rhabdoid Tumor (RT)	gs,s3,ncbi	RNA	RNA-Seq	SRP012005	PRJNA89539	SAMN03154012	PAIRED	cDNA	BCCAGSC	10.686598683414	9
SRR2042844	NCI_TARGET	sra,run.zq,fastq	Primary Solid Tumor	4825554350	TARGET: Kidney\, Rhabdoid Tumor (RT)	gs,s3,ncbi	RNA	RNA-Seq	SRP012005	PRJNA89539	SAMN03154007	PAIRED	cDNA	BCCAGSC	10.691424237764	9
SRR2042846	NCI_TARGET	fastq,sra,run.zq	Primary Solid Tumor	11812044539	TARGET: Kidney\, Rhabdoid Tumor (RT)	ncbi,gs,s3	RNA	RNA-Seq	SRP012005	PRJNA89539	SAMN03154004	PAIRED	cDNA	BCCAGSC	10.703236282303	9
SRR2042847	NCI_TARGET	run.zq,sra,fastq	Primary Solid Tumor	10298289671	TARGET: Kidney\, Rhabdoid Tumor (RT)	ncbi,gs,s3	RNA	RNA-Seq	SRP012005	PRJNA89539	SAMN03154001	PAIRED	cDNA	BCCAGSC	10.713534571974	9
SRR2042848	NCI_TARGET	run.zq,fastq,sra	Primary Solid Tumor	4138022481	TARGET: Kidney\, Rhabdoid Tumor (RT)	s3,gs,ncbi	RNA	RNA-Seq	SRP012005	PRJNA89539	SAMN03153958	PAIRED	cDNA	BCCAGSC	10.717672594455	9
SRR2042849	NCI_TARGET	fastq,sra,run.zq	Primary Solid Tumor	6309603061	TARGET: Kidney\, Rhabdoid Tumor (RT)	ncbi,gs,s3	RNA	RNA-Seq	SRP012005	PRJNA89539	SAMN03153939	PAIRED	cDNA	BCCAGSC	10.723982197516	9
SRR2042850	NCI_TARGET	sra,run.zq,fastq	Primary Solid Tumor	6234679150	TARGET: Kidney\, Rhabdoid Tumor (RT)	s3,gs,ncbi	RNA	RNA-Seq	SRP012005	PRJNA89539	SAMN03153968	PAIRED	cDNA	BCCAGSC	10.730216876666	9
SRR2042851	NCI_TARGET	sra,fastq,run.zq	Primary Solid Tumor	13789587649	TARGET: Kidney\, Rhabdoid Tumor (RT)	gs,ncbi,s3	RNA	RNA-Seq	SRP012005	PRJNA89539	SAMN03153951	PAIRED	cDNA	BCCAGSC	10.744006464315	9
SRR2042852	NCI_TARGET	fastq,run.zq,sra	Primary Solid Tumor	11261712578	TARGET: Kidney\, Rhabdoid Tumor (RT)	s3,ncbi,gs	RNA	RNA-Seq	SRP012005	PRJNA89539	SAMN03153960	PAIRED	cDNA	BCCAGSC	10.755268176893	9
SRR2042855	NCI_TARGET	fastq,run.zq,sra	Primary Solid Tumor	11548761153	TARGET: Kidney\, Rhabdoid Tumor (RT)	ncbi,gs,s3	RNA	RNA-Seq	SRP012005	PRJNA89539	SAMN03153934	PAIRED	cDNA	BCCAGSC	10.766816938046	9
SRR2042857	NCI_TARGET	run.zq,sra,fastq	Primary Solid Tumor	12858815539	TARGET: Kidney\, Rhabdoid Tumor (RT)	ncbi,s3,gs	RNA	RNA-Seq	SRP012005	PRJNA89539	SAMN03153942	PAIRED	cDNA	BCCAGSC	10.779675753585	9
SRR2042858	NCI_TARGET	sra,run.zq,fastq	Primary Solid Tumor	10797558354	TARGET: Kidney\, Rhabdoid Tumor (RT)	ncbi,gs,s3	RNA	RNA-Seq	SRP012005	PRJNA89539	SAMN03153986	PAIRED	cDNA	BCCAGSC	10.790473311939	9
SRR2042859	NCI_TARGET	fastq,run.zq,sra	Primary Solid Tumor	3019602985	TARGET: Kidney\, Rhabdoid Tumor (RT)	ncbi,s3,gs	RNA	RNA-Seq	SRP012005	PRJNA89539	SAMN03153967	PAIRED	cDNA	BCCAGSC	10.793492914924	9
SRR2042860	NCI_TARGET	fastq,run.zq,sra	Primary Solid Tumor	7744157971	TARGET: Kidney\, Rhabdoid Tumor (RT)	ncbi,s3,gs	RNA	RNA-Seq	SRP012005	PRJNA89539	SAMN03153967	PAIRED	cDNA	BCCAGSC	10.801237072895	10
SRR2042861	NCI_TARGET	run.zq,fastq,sra	Primary Solid Tumor	6366355647	TARGET: Kidney\, Rhabdoid Tumor (RT)	ncbi,gs,s3	RNA	RNA-Seq	SRP012005	PRJNA89539	SAMN03154007	PAIRED	cDNA	BCCAGSC	10.807603428542	10
SRR2042862	NCI_TARGET	fastq,sra,run.zq	Primary Solid Tumor	8213429591	TARGET: Kidney\, Rhabdoid Tumor (RT)	s3,ncbi,gs	RNA	RNA-Seq	SRP012005	PRJNA89539	SAMN03153949	PAIRED	cDNA	BCCAGSC	10.815816858133	10
SRR2042863	NCI_TARGET	run.zq,fastq,sra	Primary Solid Tumor	9734123781	TARGET: Kidney\, Rhabdoid Tumor (RT)	gs,s3,ncbi	RNA	RNA-Seq	SRP012005	PRJNA89539	SAMN03153950	PAIRED	cDNA	BCCAGSC	10.825550981914	10
